Ages;mean;X0.95_inf;X0.95_sup;mean.1;X0.95_inf.1;X0.95_sup.1;mean.2;X0.95_inf.2;X0.95_sup.2;mean.3;X0.95_inf.3;X0.95_sup.3
1,814325939;9,220924793;3,776416793;14,66178939;974,57997;506,2422892;1514,015277;18,78657314;13,6957101;23,88327051;0,486814684;-6,400452996;7,37313143
1,926580802;7,864874417;1,528467303;14,20888495;972,180293;501,0992275;1515,784938;17,30223694;11,5534734;23,04859393;-1,324240132;-9,526703152;6,871481897
2,005860327;7,959455639;1,832292256;14,09391503;964,1698033;495,989806;1505,689999;17,34595604;11,54766731;23,14139873;-1,000903047;-8,889251098;6,88999513
2,120757228;7,939557408;1,803778267;14,07121427;963,4000449;495,8513116;1504,061944;17,33734742;11,54156201;23,13198789;-1,025625537;-8,924811031;6,873397225
2,213634909;7,938759767;1,917018437;13,96627847;965,7665847;494,9954539;1509,90353;17,43409134;11,75092403;23,12131554;-1,008536364;-8,784767579;6,760294742
2,290969689;9,313659997;3,920875633;14,70901265;946,1365916;493,8703268;1467,447204;18,84513942;13,83567565;23,85668469;1,128780179;-5,743229149;7,996877981
2,320451688;9,377214017;3,870051229;14,88625828;925,1117785;486,7934826;1433,079585;19,23487624;13,98181683;24,48616994;1,289147017;-5,595327686;8,176301874
2,441492238;7,85738336;1,640991754;14,07734978;948,5434018;486,2368479;1483,471203;17,69346071;11,71298277;23,67356814;-0,940091666;-9,080458868;7,203103941
2,580060981;9,516512614;4,216907774;14,82016712;955,529776;502,3825049;1475,722491;18,97268625;13,87500235;24,07396024;1,391055323;-5,225853097;8,012302525
2,625882917;10,445928;5,642595041;15,25632703;916,3062059;490,4036331;1405,729438;20,03837749;15,16451816;24,92026831;2,381853134;-3,378443381;8,139276431
2,734869942;8,696576442;2,971505198;14,41735561;951,2052162;497,8675913;1473,858925;18,21551973;12,25269928;24,17515856;-0,171691714;-7,290720119;6,954463317
2,86533406;8,720065204;3,195686359;14,24169117;985,2404423;525,2364493;1511,706248;17,9893356;12,23286761;23,74595792;-0,164710345;-6,951206866;6,623755393
2,948721756;9,751516525;4,578815047;14,91887886;966,7648801;520,1928323;1477,025609;19,20069257;14,09872997;24,30137194;1,5887575;-4,755384526;7,92624079
2,998523026;8,62302359;2,85374635;14,39450068;969,7516907;504,1698085;1506,493801;18,28333097;12,48001503;24,08927164;-0,153982828;-7,540686193;7,23149348
3,144338045;8,498077072;2,984728791;14,0027748;987,6953608;525,9663004;1516,66233;17,93320665;12,41149713;23,4647071;-0,258902266;-7,280197471;6,755593855
3,259883682;8,699366955;3,543100946;13,86010103;1000,174949;528,3536478;1540,828929;18,38151061;13,21038925;23,55290776;-0,074631226;-6,745313893;6,598115976
3,344256728;8,585193672;3,516770837;13,65167124;1000,492858;519,0174273;1555,221014;18,46978354;13,49420787;23,44123968;-0,146977416;-6,918157828;6,620591396
3,449131951;8,594360906;3,68165623;13,49879381;1003,455962;523,4241391;1555,966633;18,46935583;13,5997615;23,34224309;-0,151242676;-6,709422346;6,408953997
3,549009284;8,725646101;3,836662985;13,60804969;1032,310433;536,0076;1604,549762;18,6413849;13,76065175;23,52340929;-0,035676554;-6,255284933;6,178020919
3,607834637;8,739628478;3,716741483;13,76219929;1024,066203;556,280934;1560,872108;18,79260308;13,63749419;23,95172466;0,046385012;-6,343858578;6,438445047
3,754758336;8,527577249;3,769714109;13,29101482;1003,896289;521,2405205;1560,966966;18,34693161;13,54398805;23,14903829;-0,264479556;-6,601264651;6,07815606
3,866138283;8,184658647;3,407007818;12,96687806;996,6104849;512,0002339;1556,989765;17,93211169;13,16367921;22,69802188;-0,650686997;-7,06569441;5,762560811
3,858889962;8,241178237;3,037979033;13,44145484;986,8797259;489,1285933;1567,027084;18,11850429;12,90270414;23,33836436;-0,502605618;-7,658299706;6,653026279
4,067715458;8,297954969;3,30117403;13,29759679;998,5137324;515,6595296;1555,258463;17,87737907;12,83728386;22,92146414;-0,550288954;-7,08283972;5,975860431
4,148935387;8,355255571;3,34262697;13,37420481;998,2671681;503,426523;1572,391838;17,9504698;12,880116;23,02371333;-0,420120722;-6,949115677;6,106976407
4,270578359;8,184706901;2,393263381;13,96895994;993,0735898;478,0475901;1597,529512;17,80278914;12,19828336;23,40246016;-0,814333524;-8,368621981;6,728929211
4,370877736;8,418690097;3,220058723;13,62485393;999,1633426;488,4377258;1596,845031;17,89118426;12,59272328;23,19275364;-0,390060667;-7,014402717;6,243601848
4,476263758;8,385143527;3,501340873;13,27291757;1003,115303;501,9756582;1587,929202;17,85818423;12,82149096;22,89615562;-0,293964094;-6,530530017;5,949840911
4,584470568;8,360868368;3,346956128;13,38156187;1002,225334;494,660747;1597,483505;17,89670401;12,80262415;22,99526363;-0,575343555;-7,171118984;6,023090942
4,596728576;8,161604255;3,149896884;13,17067501;979,3663781;488,7510685;1555,327995;17,95617545;12,83751443;23,07570959;-0,529764822;-7,259729992;6,20148727
4,762611428;8,304138799;3,373156031;13,24199119;1005,587809;495,6406122;1604,388606;17,75959632;12,61947207;22,8947184;-0,476378212;-6,817111261;5,874626314
4,880170875;8,50477031;3,670754132;13,34171507;1003,247457;496,4370017;1597,050389;18,16899702;13,20498285;23,12887222;-0,318006438;-6,602011831;5,957860988
4,981699488;8,661972903;3,827842479;13,50123259;1008,434642;500,4079775;1602,800872;18,3072788;13,28394436;23,32411251;-0,13694893;-6,355820997;6,07564975
5,082636572;8,715067422;3,829230675;13,60747333;1006,662635;500,5880962;1597,298947;18,43252351;13,40601255;23,4513693;-0,107137613;-6,395834072;6,183704959
5,178863655;8,74026256;3,831376936;13,65229819;1006,060088;499,2268411;1598,154819;18,46898176;13,44210131;23,49549176;-0,100393259;-6,399582839;6,194853184
5,291459455;8,892377915;3,963619455;13,81876403;1012,432846;502,5442262;1607,249447;18,62596066;13,52870921;23,729761;0,032288126;-6,230989206;6,299727002
5,387834166;8,9088202;3,968776998;13,85143088;1011,688892;501,5754782;1607,628344;18,65135726;13,54948519;23,75152837;0,030668854;-6,23431101;6,297080813
5,456491621;9,870750399;5,127206516;14,61308307;995,1617677;521,1962637;1540,400652;19,47880869;14,67292831;24,28405789;1,676924496;-4,223890573;7,580031815
5,575684409;9,821125728;4,990020335;14,65456521;1008,318412;521,9880788;1568,997442;19,4643042;14,64236819;24,29078921;1,568547279;-4,421570322;7,552595156
5,679191364;8,547620624;3,256758893;13,82820574;1022,508384;517,4467596;1608,379621;18,15163231;12,89218461;23,41673123;-0,328231843;-7,069392231;6,417003611
5,777240875;8,625268955;3,302255207;13,94477976;1021,244758;505,2995898;1622,766052;18,34589699;13,05940747;23,63304718;-0,272245923;-7,058672112;6,514132398
5,895578898;8,754986771;3,351983327;14,155063;1014,89228;489,398409;1632,84162;18,67617469;13,37668908;23,97006839;-0,199359839;-7,06754312;6,672228461
5,975679393;8,78201055;3,361737528;14,20255331;1025,738665;494,7008153;1650,391847;18,70704328;13,35328679;24,05733028;-0,145370143;-7,033236952;6,750567799
6,093474509;8,811657794;3,404243099;14,21874923;1027,97226;497,1494829;1652,07928;18,72253764;13,36085461;24,08083569;-0,119425969;-6,976668205;6,731537189
6,178290845;8,81997135;3,356971764;14,27653996;1026,324034;493,979225;1652,289517;18,68971817;13,28083374;24,10170131;-0,108216681;-6,996085776;6,780513573
6,260698183;8,844315596;3,331338655;14,36632883;1020,834914;495,7438701;1637,742454;18,82318742;13,35786773;24,29401378;-0,067015494;-7,081238757;6,949482542
6,38702457;8,640560829;3,164187927;14,12954999;1043,218766;510,7895026;1667,621225;18,4314532;13,037767;23,82617987;-0,184676326;-7,203112035;6,826306105
6,507902558;8,864367271;3,3817708;14,34797794;1061,283612;522,7402688;1690,356548;18,76886048;13,33491308;24,20994815;-0,121233187;-7,228765415;6,987397749
6,595813822;8,831414432;3,334965293;14,32693997;1065,599617;526,7500724;1694,42355;18,73876126;13,28954659;24,18108118;-0,158666445;-7,315585804;6,995138258
6,694233661;8,615342889;3,079072939;14,14824114;1066,237262;528,8695386;1692,855936;18,54023758;13,14169931;23,94062864;-0,374791801;-7,720466194;6,961068205
6,816658045;8,794951854;3,273247183;14,31022881;1089,819349;560,612658;1698,968437;18,71794327;13,33736605;24,09125746;-0,073848848;-6,918645379;6,776686058
6,932961209;8,451113382;2,522834402;14,37716018;1072,173293;537,3690348;1693,958388;18,24475566;12,61702711;23,86045196;-0,567021008;-8,313121959;7,191882061
7,032200561;8,393260708;2,742743154;14,04594588;1071,561602;538,6739861;1691,354669;18,38057917;12,92188207;23,83131907;-0,586403033;-8,234340754;7,073870736
7,169067122;9,284453937;4,051789169;14,51439639;998,2717648;551,2639329;1508,768092;19,68036958;14,97291192;24,38913666;0,074312792;-7,165287967;7,314021064
7,144156661;9,362743452;4,32037348;14,40758671;1018,938516;563,311893;1539,605016;19,43139328;14,53970051;24,3177137;0,776423402;-5,774775177;7,326489613
7,273661743;7,716057578;1,700650872;13,7392431;1027,238098;500,3560291;1644,425482;17,81350465;12,09811551;23,53039594;-0,683682175;-8,737157766;7,361405297
7,547374278;7,847782186;1,712509997;13,98529614;1052,094564;514,1674945;1681,422458;17,53030514;11,72982402;23,33979042;-0,769085472;-8,783728307;7,247226964
7,691799371;8,129609986;1,978924162;14,27723747;1058,119229;518,7984069;1688,479328;17,80637912;11,86473773;23,74330575;-0,528041463;-8,456335673;7,398558428
7,824044832;8,573107598;2,77270793;14,36754016;1037,913254;523,3005408;1632,867615;18,27053255;12,61631018;23,91757986;-0,444863858;-7,667058913;6,773696949
7,994650773;8,809757849;3,448448694;14,1747066;1092,754041;576,5680651;1689,710308;17,93888984;12,30361751;23,5750308;0,701969186;-5,818177232;7,231946956
8,110937867;8,83488378;3,09347859;14,58034715;1097,143397;565,6054586;1711,784247;17,99639285;12,25809807;23,72682242;0,561365311;-6,359769765;7,483033635
8,253930686;8,643143603;3,182086691;14,10986055;996,558314;543,2336321;1515,913556;18,87848105;13,89709636;23,86314425;-0,238118555;-7,55257494;7,07199896
8,382456391;9,252489253;4,048418888;14,45569004;1034,360816;564,9177289;1574,322189;18,87694259;13,8902778;23,86290764;0,623856683;-5,991525297;7,251369514
8,270271466;7,663347707;1,989429446;13,3322725;1028,18787;505,8691564;1639,477736;17,66497914;11,94970584;23,37778246;-0,596095472;-8,15118479;6,970201317
8,457734416;9,754555679;5,155609992;14,34959353;958,7940201;502,6728141;1486,819088;19,75785172;15,2675011;24,24876996;1,906443782;-4,375389623;8,194609624
8,818255848;7,210273573;1,262438459;13,15065287;1047,992962;512,1380571;1675,635755;17,09258182;11,46517586;22,71973243;-1,516960939;-9,481620649;6,452582743
8,889654743;9,667248208;5,068447144;14,2606638;997,9372124;524,1391509;1545,134412;19,48212674;15,17865155;23,79189015;1,506920377;-4,674952792;7,696679097
9,0955057;6,892837519;0,793103069;12,9951984;1022,969745;491,422114;1647,933893;16,8763876;11,29442128;22,46194144;-1,975059938;-10,29912478;6,335749542
9,228622763;7,212089737;0,748278009;13,68191834;1028,175188;497,2865082;1650,545872;16,94833543;11,16870812;22,73464817;-1,59825907;-10,07129019;6,875549027
9,113874243;9,802549648;5,095753533;14,51572425;935,5815831;492,0468182;1449,899239;19,55202794;15,02425889;24,07712775;1,823396561;-4,653716563;8,308787162
9,375293073;9,889181086;4,991780139;14,78447133;914,9057581;490,1055589;1406,535714;19,4038413;14,72623993;24,09077307;1,648876894;-4,977188333;8,270478379
9,442728663;7,911300434;2,282166533;13,54370747;900,7620065;560,6876038;1284,383271;18,87439888;14,23473997;23,51046213;-1,397714111;-9,105618523;6,308677955
9,434882674;4,729297573;-2,359758966;11,81926255;845,7540227;438,8513245;1330,220516;16,51124455;10,76159114;22,25952297;-5,820315444;-16,1501947;4,519094532
9,52653567;7,770660206;2,78185552;12,76391399;854,5415146;522,9387572;1229,772759;18,74423213;14,58620218;22,90353326;-1,17708258;-8,254944507;5,900433891
9,732719659;6,336639487;-0,58358358;13,26152118;878,1972514;472,4233911;1346,677205;17,00947621;10,94636553;23,07638398;-2,653193624;-11,60968171;6,300978674
9,940184608;5,830279455;-1,403381711;13,06402614;862,7059437;421,6227216;1385,611023;16,97248651;10,7790912;23,16920059;-4,291474535;-14,78235871;6,201641408
9,876563582;6,08952243;-1,434670086;13,61609167;838,9079622;403,2743773;1362,317752;17,01968971;10,69347996;23,34164529;-3,375486409;-13,2759897;6,527597283
9,851817502;6,435418379;-1,348015145;14,21292432;806,1152474;398,2962486;1291,42489;17,63983921;11,03411883;24,24720269;-2,901211176;-13,35361116;7,552836117
10,06055049;6,587033751;-1,281889567;14,45828454;789,0003656;369,5511107;1299,02186;17,73103433;11,0557598;24,41011017;-2,996021706;-13,62837049;7,64285627
10,18964933;6,722339726;-1,241781279;14,69040491;785,0023971;366,605569;1293,407116;17,87735294;11,07595048;24,68110677;-2,781620995;-13,28506723;7,7256807
10,29919494;6,762164975;-1,198339658;14,71690836;781,1316714;363,9293543;1288,220238;17,94430861;11,14692052;24,73994819;-2,742887283;-13,27141206;7,786208997
10,45520231;7,045265613;-0,965357659;15,05726947;780,5733256;362,0516241;1289,939161;18,18106272;11,24208124;25,1167481;-2,485321166;-12,97873383;8,014032095
10,54380055;6,869236403;-1,263933372;15,00494917;764,7470798;348,2086935;1274,023103;18,19012582;11,24555151;25,13423283;-2,79296256;-13,6503161;8,067434882
10,68990731;7,395732294;-0,67659641;15,46529483;759,3513652;340,5039243;1271,729013;18,70075353;11,63170508;25,77061985;-2,234586242;-12,92141501;8,451487661
10,86125988;7,656920568;-0,626509871;15,93489797;752,2355628;332,6828521;1265,966638;19,09852073;11,72079941;26,47160099;-2,17640559;-13,04652874;8,707853102
10,95120399;7,699117101;-0,542582102;15,94764996;748,393802;330,2634011;1260,049923;19,16142775;11,81100267;26,51308931;-2,111984857;-12,97872902;8,767445468
11,00571272;7,716925986;-0,324606437;15,77083488;740,1116019;325,9095436;1246,928524;19,30572525;12,07834813;26,53301096;-2,110097768;-12,95128079;8,736735407
11,10676633;7,837239299;-0,10496619;15,77884969;728,8283117;318,1493496;1230,82798;19,504214;12,40356986;26,60630221;-2,209173789;-13,23567267;8,828886253
11,23002202;7,869841355;-0,056117677;15,78749765;725,1974056;316,2398618;1225,926246;19,55331092;12,45747527;26,64337864;-2,166651471;-13,20113812;8,872720704
11,35272247;7,901219869;-0,001217207;15,80574855;721,6841116;313,7937602;1220,7632;19,60042253;12,51695728;26,68401366;-2,125521687;-13,16642865;8,926305367
11,47636708;8,009639134;0,150298565;15,86731524;720,2695617;313,4942992;1217,922142;19,65091107;12,59683002;26,70323356;-2,047409009;-13,06718142;8,983780176
11,59030819;7,745527202;0,064931713;15,43296076;736,0878663;350,9995348;1201,898478;19,45727353;12,54637546;26,36822584;-2,476310259;-13,10334319;8,157102815
11,7439569;7,978905053;0,418371258;15,53719579;750,6327024;354,902582;1225,382651;19,51630108;12,74536441;26,28418505;-1,898780294;-12,4450878;8,661795511
11,83019857;8,096041408;0,392817964;15,79992452;715,5559869;302,8998618;1223,739303;19,76283583;12,82339939;26,70224258;-2,032272116;-13,28279818;9,241359976
12,05933566;7,804684623;-0,243952387;15,85882318;721,5859591;306,5596449;1231,801816;19,48887368;12,41958938;26,55559261;-2,569920158;-14,10405027;8,988898836
12,16695187;7,854145861;-0,26485041;15,97854456;703,1161433;287,2919432;1221,031399;19,63450134;12,54043603;26,72970546;-2,691151986;-14,57474436;9,212363875
12,53285353;7,590086072;-1,069922826;16,25274148;718,3959591;284,2337227;1256,038393;19,63238808;12,34187374;26,93454175;-3,798786553;-16,61775244;9,058202191
12,80211224;7,646570762;-1,195372459;16,48571441;734,5661278;294,3250043;1277,655855;19,50592925;12,16355261;26,84825082;-3,660720112;-16,46731134;9,199957846
13,02988673;7,517315739;-1,379651224;16,41671855;746,4751115;301,8369816;1293,176307;19,33456182;11,98711755;26,68868028;-3,798664486;-16,60909915;9,072122522
13,21088359;7,568047865;-1,272816655;16,41703614;774,2036258;347,3539605;1290,387169;19,15345414;11,78467549;26,52065806;-3,270138017;-15,3945184;8,890366697
13,44898803;7,549044049;-1,199398385;16,29133641;789,2145528;368,5394922;1295,91707;19,06207023;11,72861353;26,39445739;-3,083592908;-14,74821899;8,588182774
13,61152697;6,308071591;-2,122352639;14,73199135;799,3392181;379,7538829;1302,494364;18,13065736;11,10015282;25,16015198;-4,053837502;-15,62446437;7,522198353
13,57629102;6,942650856;-1,029741633;14,91069296;820,6420303;432,1931591;1278,51165;18,15976751;11,40014482;24,91917477;-3,073212538;-13,44593662;7,298155102
13,81750088;6,773854027;-1,187738286;14,73897842;819,0870423;397,104179;1321,343878;18,13337081;11,3072791;24,95436522;-3,299062261;-14,26817069;7,675853258
13,97844465;6,245847517;-1,975143378;14,46652651;819,3022601;394,0441539;1328,507234;17,64699069;10,84923588;24,44633583;-3,894957339;-15,57040547;7,796851189
14,47239478;7,012068374;-2,056688466;16,07606993;799,5974208;364,1319953;1323,271017;18,84735836;11,40019373;26,29916997;-4,270911739;-16,49261075;7,964232332
14,58593233;5,902039153;-3,367725622;15,16149509;766,2870866;315,4491257;1320,587034;18,23204353;10,51120908;25,94820945;-5,828847212;-18,72422122;7,072298174
14,34675672;6,996766975;-1,124435826;15,12145588;809,2653312;364,5247224;1348,132752;17,96848038;11,01100007;24,92733783;-2,65222238;-14,04934792;8,757559797
14,75217963;7,613919857;-0,630282467;15,85433072;804,6467065;355,4602879;1350,927734;18,75266611;11,69136204;25,81162646;-3,130597721;-14,97801408;8,744617827
15,10813924;5,611325283;-3,213962493;14,42702939;788,3291385;334,8153471;1340,747993;17,86114785;10,41141849;25,3158752;-5,760379264;-18,36177207;6,845777849
14,85074574;5,411115476;-2,953721748;13,78195363;786,5467887;370,2011275;1288,984846;17,11699452;10,27636618;23,95753755;-4,526850726;-16,46128676;7,412950936
15,3112887;5,230133444;-3,455717482;13,90596681;781,3408225;334,8548155;1325,887682;17,19046871;9,919182455;24,46752404;-5,583796488;-18,52299598;7,369936912
15,5027524;5,016754034;-3,917305213;13,9565011;779,4934563;331,779998;1326,51222;17,19426251;9,804731523;24,57699851;-6,038999424;-19,05038787;6,976881723
15,82876324;5,269817347;-3,753678623;14,28451522;791,9597465;334,2593265;1350,401268;17,56085667;10,02628497;25,09548451;-6,068245007;-18,98749963;6,862420299
15,99654021;5,213841771;-3,838557649;14,25600443;793,394418;334,9817651;1352,371341;17,50253067;9,954167308;25,05558461;-6,110509424;-19,08265009;6,86455796
16,19389103;5,111446146;-3,99968454;14,21750983;796,3148402;336,6236827;1357,627604;17,39795377;9,821567404;24,96874912;-6,195680424;-19,25626964;6,868425152
16,24975277;6,64112762;-1,439755552;14,72701576;826,6029413;379,4041053;1364,780613;17,8582497;10,77615884;24,93968632;-3,335683751;-14,25075181;7,581352655
16,84564512;4,554526378;-4,498652767;13,61722895;837,6617737;368,9968165;1404,047668;16,69426719;9,17100598;24,21602445;-6,767979642;-19,52337969;5,973791861
16,92973638;4,932719451;-3,726983419;13,59777394;847,00332;395,1698751;1391,467525;16,55844296;9,492343532;23,63556609;-5,895563392;-18,1057381;6,304848786
16,54038863;6,259145182;-1,484373005;14,00636992;804,4157366;369,7523463;1331,510442;17,75359765;11,17052956;24,33248118;-3,949362114;-15,53949666;7,655721184
17,30163141;6,601837568;-2,11289312;15,31924662;840,9528374;393,0830119;1381,092936;17,60218342;10,3519923;24,84549229;-3,953992254;-15,81999846;7,909703496
17,59332839;5,223706551;-3,59440225;14,04249805;841,4522406;385,1301908;1387,603238;17,12095035;9,784428784;24,45907444;-5,884713857;-18,26120576;6,4797404
17,40074793;7,389643264;-0,679518815;15,45391791;814,2738208;375,7953983;1336,640958;18,74243871;11,77421674;25,7163539;-3,136314338;-14,55008767;8,288861457
17,77147637;6,510157027;-2,485945559;15,50980946;813,3663941;372,9354523;1341,262419;17,98209714;10,7166827;25,25003186;-4,535872176;-17,00925496;7,951873544
17,66270125;6,313679079;-2,15358234;14,77550711;805,7169824;366,4288444;1335,958857;17,99824302;10,70043068;25,29030471;-4,186411791;-16,04297139;7,682643962
17,55660719;8,133136122;0,588052268;15,67775632;797,5118685;397,7642336;1271,860092;19,39012383;12,52128246;26,25447432;-1,666281788;-11,88837113;8,56444572
18,03850882;7,751802936;-0,240038438;15,74327622;821,4450894;374,0953345;1360,965182;18,61178533;11,66953559;25,55767431;-2,597177142;-14,10341346;8,927881469
18,20412232;5,907413976;-2,523759559;14,3307316;830,6158931;373,4157078;1378,951632;17,4552916;10,51513387;24,39269335;-4,922743932;-17,25332746;7,418674103
18,05702502;7,168529965;-0,819132248;15,16372898;811,7135032;391,9741956;1314,888712;18,52568888;11,66667202;25,37985625;-2,749714169;-13,66754067;8,181588452
18,74483688;6,367171621;-2,482934491;15,21748625;820,0490799;354,0048666;1384,607391;18,02786926;10,73590967;25,312776;-4,92053226;-17,52291528;7,719951601
18,65773471;4,862308853;-3,375826596;13,09938371;781,2095916;329,7112242;1331,598359;17,3901054;10,4889857;24,3004131;-6,689565804;-19,10360409;5,718090124
18,59444634;6,454570159;-1,206126555;14,10555588;823,1885867;412,9468795;1315,250261;17,84468637;11,22033498;24,46884846;-3,824097376;-14,1015858;6,449994393
18,96930635;6,526346791;-1,799223403;14,85323252;779,3693071;322,2001045;1340,032363;18,6419812;11,57667328;25,70648723;-5,288736003;-17,71910044;7,170239171
19,18005052;5,938858688;-2,97498669;14,85347678;773,6158413;316,4077828;1335,282833;18,32545304;10,96480937;25,68358999;-5,946714609;-18,8252139;6,962750682
19,45519422;5,779155119;-3,376953391;14,92534692;783,8458741;321,6526292;1350,409313;18,10385503;10,63729098;25,57314637;-6,004079717;-19,02610039;7,042031476
19,77873539;5,54714974;-3,953180681;15,0414383;799,3160847;329,7464168;1373,743811;17,7884791;10,17657052;25,40226168;-6,069067358;-19,25463477;7,151919102
19,90778056;5,548369989;-3,992503442;15,08695407;798,1680449;328,1066235;1374,169726;17,79938438;10,16086871;25,43375696;-6,088193969;-19,31417113;7,175665786
20,05130562;5,548147534;-4,017185878;15,11745306;797,6269185;326,746426;1374,701477;17,80193037;10,14298585;25,46103578;-6,092032678;-19,34640883;7,198888813
20,2171429;5,550305468;-4,058487804;15,15827096;795,9457875;324,6483933;1373,889921;17,81686893;10,13137928;25,50344097;-6,114043302;-19,40255958;7,212286645
20,26216672;4,959765811;-4,388912093;14,30575132;792,1749078;328,5678535;1360,035005;17,32641665;9,981026596;24,66524257;-6,553597864;-19,78522801;6,69491305
20,03336464;7,246667829;-0,617063522;15,10949684;808,7602782;381,5066595;1320,354479;18,48738938;11,66980732;25,29857449;-2,910492324;-13,76751029;7,955535862
20,60577125;6,549307111;-2,676569776;15,7733972;781,591619;321,899705;1344,879086;18,52416075;11,05469506;25,99565802;-5,027622769;-18,01300468;7,999908349
20,47874295;5,261742377;-2,671672918;13,19697171;831,1357871;370,75481;1383,84844;17,7789755;10,93465739;24,62288681;-5,895873498;-17,53689071;5,766637706
20,14540673;6,618012922;-1,310771993;14,55527887;776,4145413;363,3483941;1279,398026;18,32781848;11,32278359;25,33024767;-3,227960966;-14,15570359;7,720066209
20,99261713;7,27960479;-1,711541306;16,27019815;766,3751735;306,7446042;1332,708686;19,24378579;11,61593112;26,8750082;-3,97730374;-16,18418334;8,252722616
21,06828373;7,204115624;-2,182312312;16,58436332;722,8726462;272,832187;1286,884368;19,46404609;11,52590472;27,40756523;-4,56002317;-17,15613631;8,042961886
20,8093221;5,1233713;-3,928104601;14,18223519;776,8377074;306,0610801;1363,678055;16,90298372;9,292473739;24,51063587;-4,745556726;-17,44629333;7,969573976
21,00528769;6,286839165;-2,401205786;14,98374995;753,1418306;299,6824149;1317,188138;18,04322254;10,65849944;25,43250693;-3,794113912;-15,84674013;8,265130209
20,98460993;7,131666436;-1,201559913;15,46985531;738,9232028;293,7680616;1291,422761;18,86722375;11,60743168;26,11815045;-3,053365902;-14,62225174;8,520903315
21,11272114;6,756840579;-0,578021108;14,09193467;826,8438259;390,5327558;1349,38739;17,491263;11,03327212;23,95015982;-2,27982329;-12,49492857;7,953266782
21,5114082;6,939363718;-1,295584882;15,17479415;758,4643405;307,2883225;1314,585669;18,8763378;11,72196422;26,02949165;-3,531410283;-15,14770611;8,103896016
21,57755331;6,545444506;-1,310391066;14,39485799;779,3367264;327,070703;1330,500968;18,87480194;11,8475923;25,89269146;-3,949060133;-15,21860147;7,323895209
21,58266964;6,026986688;-1,857297387;13,91204398;782,720342;361,016118;1291,51471;17,94739622;11,20828145;24,68232617;-4,015365519;-15,30929716;7,283172151
22,01487922;7,316501531;-0,857599679;15,48947601;767,5247987;310,6864936;1329,000421;19,15431457;11,98380009;26,32964483;-3,455367135;-15,19166337;8,306012487
22,10274028;7,303695074;-0,949464403;15,55679265;753,6385888;300,2024072;1313,087168;19,27995771;12,00139109;26,559416;-3,447051441;-15,13058511;8,246627732
22,3346656;7,280831139;-1,098774236;15,66100637;759,2913478;302,806742;1322,450196;19,17403395;11,82237862;26,52361635;-3,406610773;-15,11250039;8,324138469
22,40132847;7,174417716;-1,398555244;15,75076043;742,0698901;292,642646;1298,188322;19,34443555;11,976336;26,71389787;-3,987751337;-16,21018002;8,260510356
22,63278106;6,626255069;-2,484017283;15,7385302;740,2809809;290,8973302;1296,530338;19,0682127;11,5577216;26,56930716;-5,222428289;-18,33039402;7,92107228
22,78877833;6,627109824;-2,517630841;15,7702833;739,0567139;289,7309834;1296,307842;19,07773081;11,55206885;26,61264749;-5,238835871;-18,37125535;7,941172678
23,16742905;6,736660056;-2,657510411;16,13725827;762,3124732;311,7648408;1316,211923;18,82463669;11,22099527;26,42452456;-4,893033652;-17,95605329;8,203325111
23,16830093;7,115633751;-1,348290488;15,58312256;757,9039837;313,3897667;1300,86033;19,15236268;11,81842709;26,48208969;-3,896366394;-16,14473474;8,363852301
23,16760628;7,457914981;-0,851933611;15,76216997;757,8055781;318,6884956;1291,695706;19,35645529;12,05229875;26,65564312;-3,230501677;-15,23410931;8,794942051
23,36763772;7,476218105;-0,701769974;15,65617661;752,5367053;315,40637;1284,787145;19,42538622;12,16940145;26,67779793;-3,198050665;-15,14855734;8,767557126
23,58750364;7,624787819;-0,396773357;15,64794638;766,1171414;336,5707956;1283,526711;19,40440278;12,23718432;26,57070372;-2,84506471;-14,36570179;8,6832611
23,51766817;7,52375073;-0,340549454;15,38485247;776,51242;357,1166243;1277,918172;19,23975494;12,091527;26,39087254;-2,250794427;-13,26763995;8,785094967
23,76919488;7,639014335;-0,718603397;16,00159589;748,9681454;312,308534;1280,899323;19,53263855;12,14140798;26,91807147;-2,982719399;-15,12688659;9,173408807
23,94006029;7,521142964;-1,249187999;16,27814111;726,2301095;291,2300605;1260,799799;19,56018089;11,96115071;27,15357331;-3,485470746;-16,17446333;9,222871082
23,84732415;7,715150175;-2,536511326;17,97684282;649,0584948;206,4083549;1211,81448;20,05954331;11,50004279;28,62245395;-4,059373421;-18,66648;10,53439842
24,05413334;7,587044125;-2,938916228;18,09306614;641,6653129;198,2522857;1209,640757;19,91872865;11,10135987;28,73758554;-4,341822866;-19,04761292;10,3759163
24,15365895;8,1537349;-2,016536209;18,33175203;643,6685384;200,3092007;1211,333064;20,28251109;11,6535731;28,91290808;-3,281151238;-17,4009802;10,86151921
23,97388821;8,497116816;-1,235192542;18,23123998;643,3040545;199,6216682;1211,603534;20,47779864;11,92455072;29,02800765;-1,824019678;-14,98681656;11,3578926
24,27318349;8,833629324;-0,461917643;18,1331257;674,900795;218,3696715;1254,78723;20,58287889;12,2769743;28,87949833;-1,306134079;-14,13488476;11,5208295
24,28708245;9,147134128;0,064766841;18,22118432;666,6586062;214,0984352;1242,990189;20,85443132;12,64088787;29,05903079;-0,625434934;-13,02525318;11,7662007
24,33035092;8,846806844;-0,009281692;17,6966741;698,054853;238,5802131;1274,397384;20,57416113;12,52757149;28,6121902;-0,715598949;-12,71743806;11,30463829
24,67420139;9,167445902;0,362534116;17,97380577;682,0190465;227,9268159;1254,343786;20,73409196;12,68168308;28,79879157;-0,494976695;-12,74932672;11,7661075
25,20371281;8,059504111;-0,45181728;16,57049425;703,3575542;277,1393828;1232,757578;19,74954782;12,04328514;27,45974922;-2,049878628;-13,93972634;9,856228071
25,3565685;7,580719613;-0,684906584;15,83907615;727,3411016;305,7479131;1246,103399;19,26410603;11,97541661;26,5564666;-2,306760839;-14,06511604;9,47072492
26,34281817;6,778698089;-1,567122207;15,11072456;773,6904926;346,3131841;1291,508206;18,520859;11,33339948;25,70624856;-3,968154979;-16,0070103;8,054187332
27,18827846;5,620680451;-2,702986236;13,93879358;849,8184214;404,5433728;1377,229403;17,23522158;10,09317308;24,38286876;-5,23251873;-16,9742827;6,510983333
26,67951718;6,996490223;-0,773811056;14,76599765;845,2865911;407,1568136;1366,04321;18,01245246;11,05242717;24,97233058;-2,693986317;-13,12168107;7,73961883
27,79257933;5,010010291;-3,503789113;13,51480433;876,2451172;422,4590618;1413,030231;16,65623782;9,418819484;23,89857527;-5,93517757;-17,9026583;6,021393158
27,98918742;4,97744189;-3,352150867;13,30561908;889,4496471;449,5083867;1404,819287;16,60096086;9,572600327;23,62568168;-5,761899614;-17,20473203;5,690256361
27,12071476;6,166550768;-1,640522253;13,97064849;823,5503312;411,5268313;1316,539892;17,90052614;11,12021509;24,68190297;-4,061414206;-14,89206123;6,779721594
27,82376692;6,228483224;-1,726880009;14,19004022;849,660025;421,4639323;1357,70407;17,82074067;10,79860102;24,84664892;-4,140719334;-14,76063744;6,49547408
27,98899803;6,088093124;-2,21019151;14,38675077;835,7191825;413,3652345;1339,438794;17,85277708;10,68135411;25,02610383;-4,223518688;-14,94084899;6,505978399
27,80598475;6,932181882;-1,27127563;15,13338214;817,4586757;405,9681984;1311,659092;18,47304975;11,35339284;25,59204302;-3,150835267;-13,82367041;7,532135371
28,01882776;7,074031469;-1,442515252;15,58367677;823,9672281;410,3372734;1321,043443;18,30928951;11,02599572;25,59527465;-2,914901332;-13,57089719;7,752305613
27,93198897;6,93490608;-1,348595701;15,21090882;814,2382045;402,6479976;1307,733752;18,34800521;11,36561603;25,33519216;-3,026206338;-13,90965678;7,861986624
27,79436806;7,635561627;0,356057421;14,91957063;829,2973956;411,8725563;1324,214502;18,19965889;11,61665813;24,78990589;-1,590746662;-11,5313755;8,346349215
28,05289897;7,716253299;-0,677383868;16,11350924;790,3676834;361,7054938;1308,842925;19,11400992;11,83730008;26,38781451;-2,186418004;-13,51265151;9,155356163
27,78079916;7,816073933;-0,382542436;16,01506179;796,2875175;343,9839718;1345,6397;18,95214664;11,86406965;26,03643941;-1,683084039;-13,20252385;9,841455752
27,52914074;7,507960791;-0,076863634;15,09536798;795,1834668;349,4079175;1333,91142;18,73398025;11,81781279;25,64168874;-1,550749223;-12,13159146;9,024132816
28,44818858;8,241536455;0,421190858;16,06108063;800,1189981;345,2925;1352,363337;19,3147549;12,13864008;26,48446486;-1,328764577;-12,3882378;9,721894002
29,17339431;7,281882675;-1,170802434;15,74482294;816,8374032;363,4255064;1364,683123;18,4419326;11,04775045;25,83998802;-3,045197602;-14,8700399;8,786395882
29,64840239;7,592544382;-0,439821272;15,62114834;852,5611115;393,4559143;1402,231678;17,91270193;10,6486736;25,16793778;-1,973228238;-11,93981576;7,994774167
29,58301001;7,376151452;-0,944941195;15,70034388;830,6473791;381,7591816;1369,490293;18,37591752;11,08446348;25,66914715;-2,754288478;-14,2754674;8,777199586
29,2328795;7,298271852;-0,866030602;15,45415537;817,9733617;382,5024451;1338,376305;18,3614088;11,29412859;25,4221577;-2,496394209;-13,87602447;8,885534381
29,15357735;6,837775121;-1,130394252;14,80438295;817,6884743;377,3450668;1346,134028;17,80640272;10,82545764;24,78075541;-2,482717321;-13,23893353;8,269777868
29,79553367;6,272571362;-2,279281987;14,82730876;777,4913505;327,7205522;1327,786217;18,23292637;10,74097463;25,72140512;-4,616339042;-16,77630718;7,533264944
30,23048618;4,222659105;-4,406652012;12,84079088;769,1421423;323,3049291;1314,382179;16,76819395;9,793458811;23,7333379;-7,787309555;-20,51428136;4,904765659
29,53092055;5,283154932;-2,845439207;13,41057514;796,9747862;373,7636361;1306,880214;17,10342383;10,21932916;23,99483433;-4,78930516;-16,31588485;6,747355921
30,66836867;4,466585419;-4,529193004;13,45423017;786,9543189;322,1418889;1356,571721;17,14435944;9,591706604;24,70247975;-7,416996163;-20,2915141;5,41605313
30,29585712;8,478388124;2,494065974;14,46212901;788,6955323;444,2964051;1184,877381;19,57366509;14,49958164;24,64604335;-0,332455098;-8,356998625;7,689317987
29,85250833;6,5947161;-1,555870489;14,75011349;807,5984074;393,664883;1301,598873;17,70284304;10,79769348;24,60196957;-2,79500692;-13,88284742;8,306620006
30,28918072;7,938348809;0,040363432;15,837866;800,4025775;354,3719452;1341,654453;18,98735733;11,92750499;26,05043638;-1,867383711;-13,17433046;9,45978783
30,3494468;7,571622985;-0,380822535;15,52757273;803,2350207;356,1046966;1345,967224;18,72860483;11,61374345;25,83795888;-2,318518349;-13,78496202;9,155413308
30,49262984;7,589468058;-0,405541175;15,57235201;801,8948468;353,5229081;1346,243215;18,74824373;11,61760984;25,87800716;-2,303570107;-13,81837989;9,222105001
30,67063071;7,212648107;-0,66335769;15,09968971;817,398378;365,9337102;1364,428018;18,27041769;11,37453884;25,15963042;-2,620877761;-14,02449813;8,795950728
30,7026292;9,663544854;3,514047716;15,81214073;788,1407211;374,9454656;1281,253505;20,0470336;14,28832303;25,79728093;1,303663968;-7,102840811;9,732986438
30,87709772;9,378925676;3,213899395;15,54152593;817,7941917;412,68611;1295,469784;19,62604552;13,81053998;25,43896156;1,074746768;-7,230785795;9,394830164
31,21214075;8,398092459;0,582820251;16,21476752;820,7314073;367,3456161;1370,366935;19,14593433;12,04980138;26,24332448;-1,032044618;-11,82220921;9,765898314
30,9910154;8,96545015;2,951764064;14,97929945;784,6728901;454,0881082;1163,798945;19,44739608;14,55587733;24,33781157;0,476204044;-7,523747673;8,478079064
31,22201512;6,971679229;-1,113731373;15,05763798;829,5289889;410,2622498;1329,412089;17,7536733;10,64670026;24,86085298;-1,971066653;-12,26360359;8,322639728
31,29536753;8,52754757;0,612467656;16,44707168;792,1629252;373,9019401;1297,142128;19,33905757;12,1678302;26,506065;-0,880690223;-11,40609256;9,665139335
31,32190621;7,309104951;-0,717663787;15,33833283;790,5372269;364,2163614;1305,964054;18,42547929;11,45484429;25,38441564;-2,208536252;-13,36543778;8,950740079
31,33376145;7,543569083;-0,399616403;15,48456375;795,6765505;366,1064938;1311,53165;18,91805217;11,77962495;26,06471713;-2,02593537;-12,82636229;8,784957088
31,94767724;7,455008067;-0,715655428;15,63270622;813,5419226;341,3489903;1389,636056;18,84988364;11,5648839;26,12673412;-2,727211761;-14,60897473;9,164764721
32,04265877;8,23270567;1,993608796;14,4800014;814,6991141;435,5637834;1256,572092;19,19167096;13,91359497;24,46499744;-0,564629735;-9,310638711;8,184372873
31,95986879;7,911633382;0,845201653;14,96889731;825,6536118;427,8144664;1292,918814;18,62449266;12,13539892;25,11907554;-1,413659395;-10,90244918;8,083480399
32,25298652;7,758713935;-0,23782179;15,75179563;813,6906832;378,6313416;1333,72393;18,77365566;11,62059805;25,91863575;-1,771750778;-12,76772635;9,241304304
31,17328995;7,48495742;-0,417101361;15,39047228;755,3871676;327,3980037;1273,798745;19,10216782;11,98093455;26,2186918;-1,333210151;-12,75070557;10,09770369
31,49608081;7,234717143;-0,675206966;15,14973329;759,22112;338,1079154;1268,551139;18,91009317;11,69951132;26,11402833;-1,583594626;-12,63024378;9,477800666
32,31665377;6,861459142;-1,571676544;15,28935035;765,1077007;324,5399006;1306,392086;18,33731156;11,03958041;25,63735221;-2,568825006;-14,49970564;9,376439076
33,25920016;6,706163867;-1,900250386;15,31619331;807,0009895;367,1982631;1338,788332;17,87154831;10,58831156;25,15499339;-2,878754829;-14,73051291;8,972644403
33,51382781;6,575808433;-1,787059797;14,93172233;818,6502693;397,2253201;1323,299461;17,68838355;10,76522682;24,6023457;-3,248817734;-14,6439566;8,145810234
34,99343754;6,342666929;-2,455905546;15,14416007;880,4258471;429,5814636;1412,741851;17,17567978;10,15170763;24,18731208;-4,381424259;-16,44036667;7,683904114
33,80202276;7,212001418;1,264286329;13,1480186;861,8838672;523,0442679;1245,864703;18,39470187;13,66528464;23,11891951;-1,495585448;-9,671496995;6,680463358
33,68763433;7,020645807;0,117706722;13,91856346;848,0288559;438,8812383;1332,087784;17,47514156;11,29354761;23,64696726;-1,825351841;-11,00991832;7,358975039
35,49456105;6,735189662;-0,895577862;14,36677278;900,9679501;450,2690895;1429,048029;17,05228195;10,72617756;23,37919754;-3,696926756;-14,3479443;6,955446235
34,03249993;7,287648454;-0,642664627;15,22337159;799,7003786;383,5090622;1298,470506;18,18319442;11,34198834;25,0202595;-2,755944057;-13,54026166;8,024587641
33,69653699;7,71874148;-0,644522774;16,0709969;767,0302658;352,8729749;1265,372453;19,03037876;11,67298892;26,39337261;-2,156171515;-13,10042065;8,799053095
33,34680143;8,620757689;0,117259658;17,12912708;716,4398647;304,9189643;1219,210481;20,04536875;12,43875166;27,65431471;-1,243226291;-12,85818036;10,38238755
33,12533367;8,526262318;-1,423255821;18,4742772;629,4597435;199,9368346;1178,460894;20,52680838;12,16644613;28,87510297;-1,959596403;-15,53964112;11,64574823
34,54373515;7,912107503;-2,884560527;18,70570648;674,9027646;224,8923545;1241,576056;19,81629501;11,32108284;28,30063268;-3,892607157;-18,83479865;11,05776807
34,60382068;7,849467983;-2,754674078;18,44393246;673,9346118;228,1837578;1234,783338;19,77830859;11,44549137;28,10843518;-3,894510239;-18,83079548;11,06652719
34,5230784;8,481574229;-0,967700406;17,93452667;707,2958161;258,9245581;1261,370769;20,10588654;12,1294168;28,08544161;-2,566174707;-16,05920333;10,92471345
34,11639255;8,716401674;-0,095344202;17,51954402;712,2759283;260,47234;1270,973616;20,24152398;12,39358198;28,08770511;-0,964070495;-13,22717585;11,31492352
35,7536787;8,693437439;0,126656578;17,25392168;795,9404988;336,0115291;1353,231927;19,40343166;12,24391654;26,56283162;-1,806456667;-14,34139721;10,74538227
35,70777473;8,468185656;2,763244606;14,17187624;841,2571365;505,2249847;1222,970672;19,24868841;14,56005246;23,9414866;-0,617102544;-8,593269032;7,353124581
35,36356918;6,530372553;-0,975629505;14,03455908;808,6320539;411,7398802;1282,828974;17,82401267;11,36600053;24,28113995;-3,148777001;-13,40663043;7,121994811
36,71301539;5,848027874;-2,208545771;13,90316654;853,788256;447,1372502;1337,370887;16,9586734;10,28752847;23,63567117;-3,989266358;-14,27025196;6,302964807
37,70532504;6,08211768;-2,42525396;14,59564144;858,0263437;403,207443;1406,042083;17,66263481;10,23071895;25,08682792;-4,598064288;-15,51367006;6,319106883
36,33367398;6,803455429;-0,536482276;14,14829932;849,7173045;420,3035861;1358,187439;17,32229079;10,74646797;23,88807622;-2,529847627;-12,79958322;7,747166302
38,04750785;7,60266414;-0,761186384;15,96943015;872,0365189;396,8682452;1439,986902;18,18370499;10,81324194;25,55379547;-2,755205565;-13,78714427;8,286820373
36,87173011;8,373019358;1,730844093;15,00970508;812,0618773;420,534298;1270,058396;19,13132089;13,58490695;24,6789066;-0,592702283;-9,617864612;8,437164644
36,26330183;7,74463138;0,465566858;15,02283439;807,9042595;376,7148411;1324,097258;18,4761025;11,86609433;25,09283963;-1,287215772;-10,99454566;8,415271825
36,68200038;7,064580092;-1,107595929;15,22376277;793,5437943;348,9084984;1336,517344;17,99715623;10,9160356;25,07209699;-2,392156356;-13,47825838;8,696980193
37,13446279;7,813186502;-0,561908038;16,18437783;799,8133924;344,6729132;1353,985591;18,84989388;11,38203538;26,31117289;-1,723688657;-12,92718712;9,485491983
36,97433773;7,568797781;0,054257885;15,08222252;825,5265158;397,8719984;1334,644751;18,15895532;11,40645048;24,90890952;-1,641679512;-11,85154191;8,586858412
37,79625456;7,785414478;-0,650799957;16,22216144;827,4901521;364,8535717;1386,882083;18,49854637;11,19222382;25,81524781;-1,855930299;-13,01691115;9,304544724
37,24818182;8,077625624;-0,111675553;16,26805702;798,3176516;350,0755005;1341,215985;19,05328022;11,87338921;26,2320775;-1,365405989;-12,60085158;9,884955201
36,99128549;7,403952418;0,058184222;14,75603447;826,7553584;387,5748283;1351,257307;18,0203904;11,43709462;24,6036157;-1,446750754;-11,81077572;8,919565421
38,3333141;7,266458794;-1,234530184;15,7650914;815,1653357;360,8544278;1365,736256;18,39614001;10,96917831;25,81661496;-2,723104868;-14,21748236;8,7676797
38,73244251;5,904005326;-2,962362269;14,77136863;800,3236266;352,0611219;1341,382149;17,92445205;10,55618722;25,28637887;-5,273151138;-17,96864272;7,41077488
37,35753898;6,587195349;-1,471667274;14,64737452;795,7925022;378,6389898;1294,971859;18,19751497;11,4478983;24,94630564;-3,149357756;-14,54534371;8,263044807
38,90581166;7,142259764;-1,530014451;15,81863844;811,583774;358,7374961;1356,049665;18,53349094;11,43365355;25,64048622;-3,37184089;-15,67416194;8,944319381
39,42466158;8,708147825;1,713436444;15,69830283;816,6767115;458,2805686;1227,512349;19,1300828;13,55870674;24,69511538;-0,68482155;-9,648910935;8,275185767
38,97319302;7,222536735;-1,306419903;15,74963929;827,5682341;407,6828382;1326,588998;18,14626811;10,863479;25,41942156;-2,698017399;-13,83215935;8,446076797
40,11490308;5,810059438;-3,450272475;15,05665845;863,0929113;408,6190063;1403,163028;16,95595674;9,602600268;24,31301899;-4,939844945;-17,53732291;7,654552236
40,67118081;4,778840472;-3,467294524;13,02023908;861,9826073;387,5664411;1431,767203;16,8005831;10,02388826;23,58165074;-6,842554529;-18,97736605;5,279293823
39,19535257;6,169678071;-0,539175171;12,88310133;888,4527116;477,1467864;1366,549402;16,64050501;10,79551436;22,48649168;-2,807292191;-12,1695413;6,563856891
40,98031826;4,368273634;-3,358065759;12,09095803;838,2806107;375,8801334;1396,139213;16,29091377;10,21779897;22,35843834;-7,760870013;-19,83353344;4,295646809
41,15341218;7,075901143;1,381985141;12,76668671;864,1236218;480,9709318;1308,632716;18,40483953;13,86159965;22,95568651;-3,365934676;-12,16307239;5,430419449
39,40039208;6,083121149;-0,526766166;12,69340498;867,2444792;442,8369325;1365,603329;16,8760196;11,16543665;22,58653212;-3,11290403;-12,74426636;6,527464704
41,48254173;4,882430736;-3,103688664;12,86767841;834,9796014;376,1807712;1386,626083;16,70213954;10,6064309;22,79475444;-7,479793426;-19,89698549;4,922821488
39,89634018;6,299444275;-1,682510744;14,27936669;788,4862456;350,0449929;1322,567608;17,80776869;11,3139028;24,30434423;-4,184094661;-15,7213616;7,355371851
38,85490805;6,805255803;-0,945001439;14,54536931;777,7499037;354,4403616;1289,494075;18,28467808;11,4199297;25,14262821;-2,432589473;-13,3090002;8,456409787
39,56160557;8,218097057;-0,508016066;16,94293484;720,0585016;289,7830911;1256,96125;19,6255384;11,93226594;27,31538074;-1,762526599;-13,41901379;9,909091908
39,41757545;8,393697113;-0,569715963;17,35074697;695,2212215;278,9106468;1216,050219;19,90781379;12,17746428;27,64250746;-1,841842354;-13,93046513;10,25016639
39,07062419;7,650822113;0,335697769;14,97457991;763,1021387;341,1280476;1274,093017;18,48047482;11,87469029;25,09344331;-1,31999343;-11,74643767;9,095585273
39,7328316;8,616747468;-0,082179843;17,31808471;705,6612114;291,4868628;1218,219964;19,95880545;12,4241023;27,49622462;-1,435945957;-13,35538012;10,49475788
39,99169065;8,047061801;-0,701928026;16,7921807;726,521084;308,0746817;1242,408636;19,44198246;11,95388192;26,92683903;-1,864577017;-13,8242348;10,10502957
39,99293389;6,991025893;-1,223653604;15,2088285;765,5156122;340,5605824;1281,289065;18,40598075;11,53946202;25,26743117;-2,741034281;-14,43177243;8,964596789
40,65493274;7,572143461;-1,169298608;16,31130407;770,1273455;328,0245913;1307,913724;18,94537978;11,59690906;26,28659845;-2,272058186;-14,50997296;9,992822262
40,92269135;9,743094821;3,533643836;15,95796338;780,6380027;378,6107852;1258,65878;19,87791393;14,11254028;25,6355947;1,490351221;-6,774135487;9,76312367
41,32614357;7,117889563;-0,503417588;14,73909476;859,7400302;412,9377146;1390,743092;17,7599459;11,02221673;24,50068515;-2,075092208;-12,25843496;8,119949257
42,42230216;6,183745445;-1,139471902;13,51290847;911,6935108;438,9839925;1468,112793;16,97118395;10,53815226;23,40652274;-3,26538487;-13,11145496;6,580531006
42,37069763;6,37382516;-1,036173939;13,78831364;862,0736418;412,6733466;1399,68572;17,31985374;10,75463223;23,88024259;-3,416005847;-13,93978471;7,099761981
43,4006966;6,969224156;-0,876789195;14,82367551;879,7131413;404,2395952;1445,481431;17,4828991;10,51338291;24,45986035;-2,616019938;-12,92572557;7,706325559
43,89128157;6,872201153;-0,640055335;14,38430798;888,4434481;399,4017232;1472,395522;17,71638997;10,60204734;24,8314845;-3,042433502;-12,96961821;6,889736218
42,26662055;6,11831579;-0,656352463;12,89086404;864,3898381;401,9745243;1414,455983;17,6840969;11,3127803;24,06309525;-3,301693243;-13,01417985;6,415014851
42,32820395;5,822780362;-0,52039319;12,16470983;893,3057272;453,3305851;1411,47921;16,7180696;11,03586032;22,40028764;-3,251902917;-12,37823364;5,881580173
42,98338839;4,862045645;-1,974424245;11,69387143;869,1275959;410,455869;1412,746662;16,95110493;10,81409197;23,08463773;-5,232848565;-15,32539052;4,865176359
44,56099369;7,123319036;1,811081964;12,43730975;907,5856013;530,6426911;1337,711464;18,32855723;13,77790056;22,87753902;-3,093550919;-11,16643996;4,974838106
44,69619198;4,876605004;-2,403359442;12,15111411;912,5852465;481,4497529;1412,596106;16,18425448;9,97369277;22,39102933;-5,227645937;-15,0579323;4,611608711
44,86787379;3,787819322;-4,24806082;11,8194698;842,4583098;374,3924145;1406,821163;15,94012187;9,527223716;22,3503099;-8,159932763;-20,4129799;4,08437525
43,06725083;3,847336275;-3,127275179;10,82559081;881,3887579;440,0669202;1407,02367;16,07193927;10,29528237;21,84788503;-6,38805403;-16,94716781;4,176179202
43,71385592;6,268485465;-0,429100818;12,96342122;934,4336409;487,2927563;1454,168516;16,25188824;10,56971355;21,93778215;-2,469180294;-11,80267326;6,871880079
45,3864113;5,823896027;-1,54503332;13,19257177;925,5406466;434,5170115;1507,980112;15,74124364;9,947652983;21,54559402;-4,488514956;-15,30440411;6,323983493
43,93695927;5,283751385;-2,686947375;13,25033848;848,9344672;386,7808124;1403,933626;16,8130491;10,40897971;23,21664905;-5,075109014;-16,66809617;6,524821477
43,20477792;6,50669894;-1,114276489;14,12965793;842,1629403;420,6758026;1340,030442;17,43146892;10,82780889;24,02399042;-2,476859663;-13,01621213;8,055261697
44,39808813;6,307037288;-1,854383885;14,4762577;834,0034502;394,9310517;1356,657163;17,13839166;10,41392985;23,86306782;-3,414361983;-14,7130562;7,889612675
44,53363877;6,186250279;-1,591010518;13,96074747;853,9747362;438,2938708;1339,370892;17,02010938;10,44071521;23,60408943;-3,27872853;-13,73744092;7,186065226
44,28753184;7,244205891;0,353366653;14,13529379;871,0517098;436,4990885;1381,944479;17,34212763;11,19303301;23,48006631;-1,741034094;-11,25685509;7,783169448
44,86865365;6,487961808;-1,86246615;14,83424884;819,0517203;384,5491503;1337,912743;17,44387446;10,64794775;24,23687529;-3,45590159;-14,98315047;8,075977239
45,53194441;6,866674065;-2,093736233;15,8321096;835,4970647;397,2657119;1356,1485;17,93316622;10,79206172;25,06998844;-3,805173088;-16,28305849;8,683621063
44,47799494;6,731715605;-0,975178322;14,43265038;850,1560551;430,0718749;1345,704077;17,63289875;10,91681841;24,34868421;-2,591321611;-13,03435574;7,856183569
45,95220295;6,592934295;-1,799261028;14,99312311;877,4775838;426,5382422;1408,221771;17,62409985;10,57949102;24,67533732;-3,606487055;-15,42054173;8,214168944
45,74077783;6,190883515;-1,826531598;14,21029749;869,9661905;422,8386967;1396,897816;17,27195873;10,55154296;23,9914373;-4,100676665;-15,84818206;7,657967132
45,05427185;6,676492734;-0,384364267;13,73739675;875,6998232;443,0558871;1384,571323;17,15305715;10,88968345;23,42012956;-2,356876173;-12,47482096;7,768314622
46,98257049;6,128207674;-1,808818763;14,06910251;885,7880414;428,1100163;1426,329899;17,29001653;10,41158004;24,16864382;-4,502752995;-16,09101354;7,08988814
47,19460198;6,105065446;-1,791434122;14,00426008;888,764834;435,0951288;1422,242308;17,17077198;10,28823132;24,0575714;-4,345565596;-15,70491;7,011343598
45,41612932;6,517984586;-0,857296749;13,8962429;848,570159;430,8259415;1339,36695;17,59585289;11,17513123;24,02315172;-2,851473402;-13,44749682;7,745542297
47,90286149;6,215510871;-1,730963785;14,15849287;901,9582656;438,9449912;1447,258772;17,13365133;10,29189631;23,96413012;-4,462921822;-16,04464959;7,119924755
46,70473364;5,227940719;-1,943526827;12,39504266;920,2442513;463,8561795;1452,808567;16,6064318;10,37558948;22,83234519;-4,844728907;-15,54736548;5,874913942
46,77110671;6,248483566;-0,844742118;13,34021689;939,7648317;482,7361846;1471,995717;16,43204477;10,41383989;22,46152257;-2,630890502;-12,53365866;7,273640258
48,40311966;4,938917733;-2,924817099;12,79748827;907,5166588;429,2775999;1472,976083;16,08098837;9,692394434;22,46870772;-5,536233159;-16,74029536;5,663782969
47,49515864;4,177121815;-3,691732724;12,03978177;822,6693741;360,0922862;1380,512732;16,51286187;10,04373942;22,98388165;-7,17847883;-19,27671852;4,923541749
46,93375105;6,534228465;-0,159716563;13,23050206;908,6328402;475,5291569;1414,807088;16,87293435;10,93993882;22,80850524;-2,489465949;-11,95512156;6,97445764
48,92864339;5,400715299;-2,530085256;13,3304287;847,6653348;373,929992;1420,249805;16,38794985;9,791610068;22,98554002;-5,178848242;-16,40597048;6,050627763
46,80941522;6,085267155;-1,887562944;14,05996598;818,0524422;385,4453389;1333,755403;17,07331198;10,50107846;23,64328571;-3,277406371;-13,76803411;7,215945621
46,42352027;6,777320503;-1,001631753;14,55323221;816,1943428;383,5974865;1333,227937;17,41093486;10,73926478;24,0830248;-2,354882449;-13,1878657;8,480973463
46,96568744;5,729675968;-2,876339474;14,3351846;804,0118415;383,0049543;1309,27611;17,07831558;10,12143546;24,04155352;-4,068723984;-15,88160939;7,74516199
47,37981705;5,697611072;-2,626601885;14,0220271;823,2172355;403,7343536;1323,583222;16,93783973;10,13083005;23,74281683;-4,045132431;-15,41587877;7,32158339
48,06688306;5,786875133;-2,317047653;13,89878664;854,1112807;435,7260773;1348,372517;16,73365582;10,02559694;23,44277191;-3,861696812;-14,6488914;6,93120289
47,9979002;6,180296589;-1,608646556;13,9747345;851,6808365;432,7000043;1347,633149;17,04936014;10,43356728;23,66924644;-3,372339288;-13,81681291;7,074403222
47,69625861;6,15620533;-1,264383901;13,56858826;880,1924222;445,7042889;1391,275531;17,20788195;10,81659667;23,60660112;-3,193767034;-13,48852742;7,098989382
48,241612;6,574516268;-0,797984426;13,94684934;891,2738406;468,6451261;1383,776152;16,98163926;10,65585228;23,30872465;-2,690091157;-12,67918496;7,295989992
48,41708407;6,21456848;-1,714974561;14,13853644;864,9335763;423,8029434;1388,666344;16,98112441;10,52472508;23,44129757;-3,463477342;-14,59182369;7,674413064
48,51481605;4,722181097;-2,883369849;12,32861906;878,3941291;457,3658327;1373,00589;16,35436202;10,19958574;22,51259839;-5,182676059;-16,03787189;5,669505383
48,61592157;7,464096048;-0,033477943;14,96396769;835,6924993;396,6315402;1361,26626;17,68310638;11,1282824;24,24055381;-1,613514607;-11,9518998;8,727862242
49,03194725;5,577155849;-2,925491352;14,07783222;819,7867969;389,584864;1338,85755;16,77133586;10,05772603;23,48203232;-4,589649789;-16,44542517;7,261960827
47,96543631;6,926647983;-0,951133999;14,80359579;815,7587401;395,570288;1317,069541;18,06417365;11,35786068;24,7688186;-2,286689044;-13,14373695;8,583580826
47,99391302;6,838165456;-0,995105978;14,66661401;795,7140258;378,1524883;1297,079086;18,11538971;11,33518113;24,89328669;-2,230199274;-12,99680329;8,552706465
48,41471993;6,272748959;-1,245586972;13,79303985;817,2620979;403,3499683;1308,946298;17,84917416;11,35541618;24,34264746;-3,134686577;-13,86575007;7,59405759
48,62058001;5,146806938;-1,873243145;12,1665826;855,6363566;430,247779;1358,172993;17,17286246;11,04020662;23,29881037;-4,501582138;-14,91726864;5,906882636
48,56344463;6,439681318;-0,492855515;13,36707082;845,7594623;408,9643922;1365,849755;17,40167363;11,15951404;23,64595846;-2,510506259;-12,77582091;7,769212155
49,33669623;6,65734057;-1,368300336;14,68535168;805,6802647;376,4150919;1322,477416;17,74462501;11,04174335;24,45033188;-3,009102431;-14,37778483;8,368045143
48,93748462;5,967007288;-1,516593692;13,45140578;837,4626217;406,341925;1351,061857;17,37628252;10,99979569;23,76106467;-3,286076483;-13,88656999;7,306907456
49,38200344;7,241742433;-0,560177596;15,04661113;821,1500429;381,8233693;1348,259645;17,96764753;11,16683752;24,76722434;-1,705805545;-12,40470011;9,006344273
49,68021087;7,170508664;-0,69554324;15,03724473;821,5593763;379,5648112;1353,077796;18,43269974;11,44692341;25,42861477;-2,195586396;-13,111078;8,72793689
50,17196678;9,59619937;4,244916051;14,93866758;821,070676;461,4217641;1233,074206;20,22549334;15,39266633;25,06272866;1,104337412;-5,980778564;8,190511211
49,18709193;6,025040291;-1,16690945;13,22075892;842,9450131;418,0927329;1343,637164;17,81088749;11,18602578;24,43851757;-3,075729238;-13,32733659;7,168272801
49,95335097;7,576016815;1,57733082;13,57118771;854,1660984;466,7389236;1303,617642;18,9779413;13,74386278;24,21660256;-1,366990355;-9,643163884;6,917978006
49,87241082;6,288893247;-0,830629338;13,40656503;855,8399817;427,1806428;1359,478253;17,71487936;11,26060512;24,16966537;-2,573803397;-12,70275315;7,55782278
50,7634254;8,534037683;0,691160804;16,38000669;818,9415176;353,4345479;1382,192908;19,55260712;12,27507689;26,82582943;-0,855854127;-11,51196203;9,824682035
51,25630987;8,423133112;0,331080413;16,52405607;812,6366153;338,5581807;1388,241236;19,78095789;12,31486911;27,24197815;-1,299715376;-12,27506333;9,680751834
50,22900181;7,015491388;-0,035929858;14,06359133;838,1404258;409,8415135;1344,590987;18,59309382;12,1391037;25,04793042;-1,903632121;-11,41531896;7,61983034
51,41817029;7,447469176;0,367508171;14,53295565;859,4266251;423,5891006;1373,770065;17,78591116;11,30432591;24,27675171;-1,211069352;-10,68826569;8,272113283
52,21986459;7,674396909;-0,829226449;16,17670662;822,0929444;358,305373;1379,508741;18,68541249;11,2268079;26,15361637;-2,211122099;-13,7674102;9,352787748
51,01902414;5,989848637;-1,922341678;13,90382138;822,0854437;371,7628106;1360,017628;18,21192117;11,24590835;25,17696767;-4,015221;-15,50150787;7,491695335
50,69972801;7,73002978;-0,286251385;15,74772924;784,7792177;329,9285243;1338,992575;18,32531617;10,88678187;25,76157316;-1,387192351;-12,74146852;9,988046787
52,49607914;5,334975797;-5,977390189;16,64619362;734,6869079;256,4549342;1334,837424;17,75735707;9,17657489;26,33782478;-6,53658071;-22,42402387;9,361680576
52,12758745;6,861261637;-3,373579;17,09240524;726,7953283;253,3512032;1319,747325;18,76280948;10,24544444;27,27524187;-3,977342369;-18,19914317;10,26712481
51,7490566;8,188806773;-0,516918098;16,90563776;775,0381985;296,0624996;1365,334646;19,35755786;11,7585802;26,96963822;-1,733902844;-13,98817538;10,54835718
52,77873395;8,934504501;0,365742362;17,51636935;810,3681181;300,7299473;1438,885719;20,10907884;12,41594579;27,79456919;-1,500920626;-14,12324815;11,15637471
52,53007926;7,39281835;-0,146249333;14,92424689;829,0180991;353,0863837;1404,953009;19,18888847;12,20388195;26,16945814;-2,569165214;-13,70353745;8,573889944
51,91104344;7,711931505;0,153512392;15,26341311;772,4248221;346,8589627;1286,668012;19,16684112;12,37106256;25,96436178;-1,93915425;-12,74901899;8,872945068
53,55580169;7,093119618;-1,45377135;15,64045213;756,4791813;300,172845;1319,183469;19,26642333;11,75664892;26,78420593;-3,972040644;-16,09338087;8,165186851
52,77531012;7,098249316;-0,95505243;15,15072269;759,2122966;330,987688;1281,17857;19,0383299;11,72007405;26,36769026;-3,1531272;-14,29709639;7,996513941
52,2907309;7,176304445;-0,631194919;14,98215792;780,2663515;366,1301461;1279,400142;18,54754387;11,65139585;25,43501641;-2,415637821;-13,15431266;8,330516406
53,76615281;5,794598983;-2,18883972;13,77681936;858,6730668;405,3496247;1402,491037;17,45308399;10,74441679;24,16610631;-4,210546841;-15,73911798;7,330123661
52,88523308;6,661208874;0,317839004;13,00099937;864,275529;459,8555973;1338,547855;18,45270679;12,94986757;23,95438827;-2,235178926;-11,44268102;6,971477219
53,11554493;6,021882883;-1,465128766;13,50962588;860,8780071;412,061695;1396,402854;17,1675313;10,82593838;23,51852584;-3,057241508;-13,51948926;7,417633969
53,99867723;6,619838217;-1,569166136;14,80683999;847,3880791;384,8106269;1406,312734;17,46297465;10,59563907;24,32873873;-3,032966919;-13,98251949;7,923568813
54,7684163;6,295629025;-2,018357298;14,60657313;795,0141061;364,5613929;1318,087769;17,7075132;10,6823509;24,73715551;-3,979430125;-15,20944884;7,248621991
53,35401429;7,363476573;-0,357375074;15,08054629;777,5777205;378,4543677;1253,553848;18,93040553;12,08354167;25,77574526;-2,218522041;-12,60237323;8,173197593
53,48330909;7,986530704;-0,181131019;16,15779742;726,2705737;329,0554465;1215,891453;19,74828662;12,40258628;27,09039683;-2,040899243;-12,73509547;8,6517678
53,95836115;8,029602183;-0,189298335;16,25839918;736,9830696;340,6147057;1224,775874;19,68760428;12,25140663;27,13601268;-1,924440998;-12,32099341;8,477455768
54,61059386;8,025450892;-0,204563448;16,25174323;751,0958592;358,0579337;1233,533608;19,5638675;12,07923531;27,0473568;-1,914700971;-11,97303684;8,148651323
54,99688601;7,783805148;-0,465972432;16,03647547;755,3029174;361,9099075;1238,886224;19,45263393;11,94545027;26,95716686;-2,257345621;-12,29747111;7,782103327
54,9576747;7,272571983;-0,727126112;15,26949536;765,4637365;374,080299;1242,92968;18,83224867;11,67241975;25,99351406;-2,52032849;-12,47743133;7,440738406
55,15227306;8,274366906;1,982584532;14,56052192;781,1288335;456,8434377;1156,374628;19,6599542;14,31075345;25,00434347;-0,879481404;-8,883155448;7,125245275
54,48666371;7,284950662;-0,08441359;14,65231815;773,7668528;379,2519415;1249,817106;18,83677189;12,10159928;25,57967324;-2,118928738;-11,8168502;7,585486737
55,73621256;7,246116666;-0,332416676;14,82866484;792,9380094;395,641083;1273,079258;18,57139866;11,71848199;25,42462448;-2,284271668;-11,83567743;7,258964153
55,80093389;8,508312107;3,311699358;13,70477144;825,9023843;537,7474475;1147,748718;19,77767071;15,33242943;24,2254102;-0,460184652;-7,395848862;6,468710937
55,42766523;8,589890866;3,134136373;14,05565443;792,6345641;484,041352;1141,307672;20,00977037;15,25953167;24,76145995;-0,285689467;-7,703261544;7,134169544
56,004693;7,148065168;-0,85233452;15,15145899;782,9339264;375,3005205;1276,161324;18,53995315;11,67848598;25,40491635;-3,190316717;-14,08076636;7,709294562
55,92175926;6,69257273;-1,52124814;14,91478464;771,3996997;341,4805975;1299,749528;18,45314181;11,11048908;25,78809712;-3,178280358;-14,2698925;7,913601669
58,47869837;4,847956533;-4,222827451;13,91284373;765,6782503;302,5232017;1340,808557;17,66080985;9,96487386;25,36488091;-7,692744057;-20,53319731;5,123055527
57,05812145;8,793633248;3,532851965;14,05266149;781,2929074;457,8277953;1147,380396;20,00138192;15,40122668;24,60102065;-0,194911872;-7,527534569;7,141612044
55,95084093;7,609853696;-0,283986673;15,49212393;757,2046985;346,8474498;1251,133748;19,65698523;12,36851514;26,94298782;-2,788196415;-13,38767218;7,804563634
56,9102098;7,047095964;-2,860099542;16,95690153;667,5164462;236,6887588;1216,420586;19,87332856;11,72202174;28,02263463;-5,486814472;-19,23997396;8,304787274
55,73102501;6,993826012;-1,735436369;15,72981788;685,8061103;262,657327;1220,402621;19,09185617;11,80017278;26,38014452;-4,33761875;-17,15621145;8,500462756
55,44326138;6,815534194;-1,691989228;15,32243309;710,6940179;293,4735458;1230,989467;18,65392195;11,31117877;25,9887186;-3,237893614;-15,31609551;8,853359165
56,29924371;7,350611418;-1,576797088;16,27343316;690,9108772;282,1845049;1204,447684;19,2796421;11,52838644;27,03399686;-3,421508369;-15,62211281;8,783946018
57,10475759;7,162136957;-1,886556651;16,20742813;714,1030492;299,1827596;1232,456542;18,88760959;11,10538237;26,66570846;-3,594299563;-15,73555796;8,561026843
57,46618793;7,002248077;-2,0154618;16,01263364;719,6956639;300,4837976;1243,608341;18,74709972;10,99046465;26,50570143;-3,82128208;-15,93747836;8,299651865
58,004854;6,990839925;-1,844382026;15,81509974;736,7917468;311,40512;1265,928604;18,71015379;11,09554743;26,3174573;-3,85144422;-15,74392155;8,047709342
59,07609582;6,617409722;-2,53248497;15,76400532;769,1603235;332,5656944;1309,133202;18,05787782;10,32705937;25,7969768;-4,171853011;-16,17375983;7,823746028
59,26466075;6,48823181;-2,591814758;15,55777889;765,9493642;326,6607652;1310,515452;18,00989307;10,32893688;25,68823411;-4,343147297;-16,35305703;7,662387587
59,94065482;6,493168835;-2,412428864;15,40204223;784,2775804;337,880324;1335,721981;17,95958787;10,34814858;25,56375935;-4,384128008;-16,17411999;7,411077486
60,14854504;6,815603472;-1,857441808;15,4889166;799,8998266;346,9763153;1356,870961;17,97668674;10,45979836;25,48645883;-3,613498445;-14,93703645;7,714792278
60,40870632;7,332520989;-0,399476916;15,06542146;831,8961536;399,1128678;1354,023638;18,1178723;11,03904588;25,19842418;-2,241016025;-11,60533258;7,113417213
60,6079386;7,487570834;-0,161169702;15,14044818;839,4973477;403,1494823;1364,474541;18,19354936;11,1575936;25,23343856;-2,028962053;-11,29268396;7,233324816
60,8225711;7,804888151;0,607410148;14,99784297;851,149661;424,3922375;1363,178596;18,34044217;11,55027158;25,12463079;-1,585226712;-10,01904767;6,844104775
60,98348402;7,665111592;0,436990567;14,89289171;856,1272699;424,5096737;1372,661584;18,22963823;11,41479692;25,04230082;-1,674480863;-10,22297618;6,875948884
61,0559607;7,977064464;1,034875721;14,91183168;859,7845536;433,6724445;1369,931384;18,47061425;11,79535422;25,14613522;-1,297293629;-9,377222085;6,782285241
60,56418774;7,770259651;0,983218635;14,5550654;850,8834089;434,7276398;1348,420062;18,42566403;11,92188033;24,92847707;-1,352190304;-9,45882163;6,759505349
60,42824891;7,596122621;0,796653816;14,39682423;844,6356949;429,6115595;1341,992632;18,26264873;11,82642942;24,69867452;-1,418475238;-9,63190726;6,781288947
61,39266522;8,131458378;0,977546001;15,28126384;851,634961;421,1175958;1369,428056;18,71625533;11,80725263;25,63421599;-1,146856248;-9,488969876;7,202037307
61,67309329;7,729802625;0,248113153;15,20983665;844,9966875;410,2736026;1368,932503;18,49268761;11,3905373;25,59827522;-1,678936732;-10,63221946;7,269672123
60,14959319;6,312246694;-1,285681412;13,90710201;835,9022764;419,3225299;1329,367115;17,83937725;10,96083062;24,72890239;-3,007540981;-13,0180104;6,995407705
59,31898824;5,588769025;-1,983846653;13,15262405;838,6608989;433,2943193;1315,866559;17,01353112;10,47815582;23,55086471;-3,633972342;-13,85222269;6,58346544
59,77973819;6,092907046;-1,909802577;14,09722198;820,9012581;390,5392566;1335,459885;17,22103178;10,58627888;23,85015422;-3,203282693;-14,43863904;8,041500719
59,97003881;6,151162296;-2,089340462;14,40282363;772,8111614;349,6791472;1288,036965;17,62485831;10,78291514;24,46986866;-3,788812275;-15,38401115;7,816092574
60,14041714;7,777675938;1,374257199;14,1879625;762,3266589;415,8061376;1165,979483;19,10487489;13,95946045;24,24872247;-1,075139471;-9,863153361;7,696068698
59,65185204;8,096402929;1,552324105;14,6388701;759,0482545;403,6762332;1173,657762;19,48906881;14,01024785;24,97229236;-0,833832688;-9,808475142;8,131260435
60,08165365;7,725523203;1,37392158;14,08038082;773,0531638;408,2972102;1202,435321;19,0516429;13,69886167;24,41105538;-1,145732696;-10,04352247;7,75462962
60,32308743;8,141058203;1,664173141;14,61164235;762,274581;410,8446773;1173,994749;19,57642477;14,06089279;25,0993319;-0,67589832;-9,36183494;8,002758645
60,89409881;6,853930679;-0,801795353;14,50801;795,6808262;371,5449503;1308,94023;18,27926202;11,56600534;24,99080687;-3,095109173;-13,32796517;7,145545793
61,89391787;7,856394231;0,551151408;15,15942709;826,2151802;365,0659104;1381,863977;18,52143464;11,68203328;25,3673577;-1,604165243;-11,61388313;8,406818162
62,08404954;7,053897306;-1,873478907;15,97921152;766,4528026;295,0189101;1349,513337;18,84082647;11,13090496;26,5549637;-3,698459839;-16,05996989;8,681827249
60,84333406;8,964969175;1,411966178;16,51574497;723,3051884;293,4510958;1256,982766;20,66906439;13,96834982;27,37341901;-0,539892513;-11,0379974;9,960999633
61,13592001;8,207287807;1,888619994;14,51886191;765,1602084;403,3533943;1188,817979;19,83846374;14,37574176;25,29186536;-1,069090075;-9,980849229;7,840200494
61,1125822;7,287833328;-0,149320748;14,72128301;743,8702781;312,7026174;1273,912603;19,25393543;12,49307374;26,01510379;-2,958090164;-14,05024831;8,128904562
61,45032232;8,237649868;2,718763177;13,75683917;791,529735;464,6217272;1163,918026;19,94799405;15,04142334;24,85773908;-0,770033251;-8,515997167;6,978663819
62,23453326;7,321075922;-0,497090639;15,14589583;768,7680565;340,207656;1289,761929;19,17335196;12,17179117;26,17566264;-3,047343093;-14,10446158;8,013910339
61,98623429;7,703108929;0,105750391;15,30916481;745,8756087;319,3987775;1267,026733;19,85015243;12,74679559;26,96049707;-2,732137533;-13,43707881;7,977400951
61,23020758;7,081010298;-0,721406155;14,88308963;715,8973388;309,5519778;1218,073238;19,31353177;12,22072885;26,40026841;-3,055852827;-13,79985639;7,684696454
61,97581485;7,041987908;-0,990468278;15,08057293;759,3641656;317,6438902;1299,659227;18,82878243;11,74491501;25,92182753;-3,188147234;-14,8998338;8,542366216
62,65596247;7,425887665;-0,789535312;15,64468732;744,1871905;288,6187611;1308,42903;19,51826019;12,1090537;26,92131819;-3,463497156;-15,42043793;8,505954608
62,49948944;7,144664098;-1,113755208;15,40570835;728,2788552;275,8879605;1290,70503;19,52640757;12,10809998;26,94758814;-4,12421566;-16,41634483;8,163562755
61,48063459;6,618747621;-1,566615956;14,8120333;702,5455633;281,7755065;1228,951956;19,10117261;11,92906562;26,26896201;-4,101321871;-16,11887857;7,911475359
61,56490281;6,339412551;-1,792949868;14,47195373;716,6605426;310,4582605;1218,961782;18,77447229;11,76891751;25,78640821;-4,150151365;-15,85967967;7,565154283
61,81622372;7,248110474;0,777139647;13,72471563;762,9727425;407,092512;1180,384595;18,89310576;13,6016459;24,19144291;-1,698860876;-10,99272724;7,590228042
61,86532823;5,994687026;-2,286528432;14,27856184;743,3714753;314,9820162;1274,529879;17,94561798;11,01544711;24,87731191;-4,166460455;-16,40546946;8,087908877
62,13497015;6,570582917;-1,584333039;14,73081119;704,9134343;302,0744369;1205,98841;19,01747293;11,92528027;26,1043793;-4,058613729;-15,85719054;7,736065545
62,24357098;8,096129414;1,702362094;14,47956537;731,753338;387,3803468;1135,114086;19,88627434;14,24927543;25,52918219;-0,99910396;-10,0527206;8,05580432
62,00154089;7,272995276;-0,577848761;15,12186636;737,7184363;313,7191044;1259,846222;19,35271771;12,3511757;26,34640858;-2,689671149;-14,13688485;8,765473923
62,7731325;7,133268169;-1,220690195;15,47838375;687,1032277;289,0256371;1187,350701;19,65981911;12,15729238;27,16001119;-3,396718566;-14,84349329;8,058540283
63,81408915;7,125316017;-1,607137777;15,84913884;698,6371085;295,2845085;1204,089032;19,46655055;11,69181639;27,25245407;-3,368840118;-14,76142141;8,042444115
64,22777245;7,155355933;-1,491206919;15,79964235;736,2971912;331,8935924;1228,578151;19,28992205;11,50460305;27,07543097;-3,162758631;-14,21670401;7,909695948
64,57714741;7,335724658;-1,365790272;16,02673865;748,9146367;338,4048443;1246,671101;19,29381951;11,52902847;27,063206;-2,98126486;-14,15591103;8,194765606
64,37034695;6,848262793;-1,270176352;14,96890013;783,6692731;380,4802729;1263,754616;18,42483881;11,417996;25,43904667;-3,23903775;-14,24119884;7,764870017
66,24809201;8,368653169;2,021234009;14,70471642;841,3900746;481,9606764;1254,967805;19,11985288;13,63292467;24,60604895;-0,899275128;-9,344886997;7,546406731
65,16039254;8,847937472;3,500830933;14,19675541;813,9975386;486,6639275;1188,625437;19,68867812;14,78834434;24,58014924;0,282204109;-6,705446586;7,266687172
65,68783947;9,533354123;3,885813388;15,18332883;770,8561177;393,2001447;1216,098522;20,37635642;15,02773933;25,72600908;1,213743836;-6,587900943;9,022050773
66,87392259;8,157595427;2,14185329;14,17243363;832,71411;449,408161;1275,840676;19,14182843;13,94749805;24,33805105;-1,018999646;-9,297273571;7,261604109
68,01617437;7,156211337;-0,349823233;14,66829732;878,4212642;435,1738286;1404,490404;17,63755285;11,02044558;24,25737335;-2,571296027;-12,61470168;7,473259846
67,75626625;10,22061482;5,283490839;15,15457529;854,3853259;540,6762082;1207,635089;20,43951816;16,07949632;24,80432247;1,369476986;-5,0210081;7,761596753
67,81147005;7,470205752;0,76962134;14,16611804;890,640989;481,8685469;1363,396893;17,77804406;11,49002885;24,06628622;-1,753424765;-10,30441783;6,796222517
69,55544994;7,678025096;-0,871553715;16,21762025;856,1509347;401,513414;1403,44696;18,50635477;10,78422904;26,23096074;-2,506348675;-12,70216561;7,701652495
69,72725578;7,599625279;-1,100207736;16,31031345;843,1879606;387,1582318;1392,187684;18,4061683;10,69873059;26,11174957;-2,740211985;-13,30861037;7,811180108
67,55368992;7,313522812;-1,286809364;15,92017624;791,1618591;348,0665074;1328,274116;18,66951002;11,28878771;26,0541192;-3,006915644;-14,643938;8,637193967
67,84682242;7,49530515;-1,092375131;16,07418551;774,0898153;335,4616432;1309,672104;19,10152987;11,49648076;26,69802519;-2,828437605;-13,91739526;8,267710546
68,01018506;7,306890937;-1,285745731;15,89064545;773,9521399;334,1113309;1311,156294;18,97653897;11,36582286;26,58875392;-3,058848901;-14,19980872;8,083024383
68,06641082;7,277527551;-1,26350193;15,82824464;765,0898247;327,0640608;1301,96737;19,07427998;11,45859663;26,6854295;-3,144931723;-14,24064748;7,959270078
68,23618807;7,281353847;-1,254532546;15,82279495;764,6430248;326,9759944;1300,977892;19,08048124;11,46787643;26,68482729;-3,137549122;-14,22706524;7,945384209
67,69034161;7,416475347;-0,973017797;15,81048708;751,1118948;323,0408372;1279,429019;19,24502192;11,66169661;26,82802956;-2,729402212;-13,57274919;8,120642757
67,23845275;7,595174856;-0,54820896;15,73741822;737,6921577;319,6546678;1254,149621;19,58397668;12,1006577;27,05901307;-2,489244887;-13,07796033;8,100427594
66,55542966;8,019652558;0,112775374;15,91443082;722,4374116;308,1473759;1236,471434;20,00116007;12,60438979;27,40458119;-1,765414743;-12,14217675;8,61121738
65,87586066;7,740055547;1,611339936;13,87237987;764,265464;414,5819744;1170,704515;19,88965273;14,33383151;25,44085703;-1,097307551;-9,602440218;7,409532296
67,84701834;7,421994192;0,179417514;14,66636034;811,7642994;340,4679838;1384,547411;18,47317225;11,84817674;25,0921466;-2,315998648;-12,98947072;8,362535085
67,9507991;8,319670525;-0,506011347;17,14070246;716,8989344;268,8238481;1281,898422;19,78532456;12,01434045;27,55853932;-1,848285386;-13,75780425;10,07335186
67,49118078;8,642119884;0,515437374;16,76625583;738,6593868;283,7643276;1303,449165;20,06477944;12,66976605;27,45208317;-1,213639566;-12,84705262;10,43957611
68,46389499;7,970587672;-0,204144015;16,14349478;774,7563652;314,2271875;1338,648646;19,30799085;12,05012548;26,55869696;-2,074076282;-14,03939831;9,909306731
69,43582855;7,676362474;-0,681166835;16,03606764;770,7647537;334,0111467;1302,299932;19,32745912;12,04398703;26,61274676;-2,906582672;-14,40394312;8,606963019
68,22242641;8,251597153;2,160505362;14,34502145;796,6827494;459,9333742;1184,056814;19,75569414;14,4642499;25,05248651;-0,827933108;-9,05074586;7,400167295
67,22359523;7,590426089;0,354750136;14,82172134;754,3430691;339,4166803;1258,140403;19,16679013;12,41227357;25,91681721;-1,737382747;-11,76052978;8,290821263
66,90306869;7,738445966;0,016080733;15,45283036;711,2774695;283,7713088;1243,163601;19,69241647;12,64841175;26,74612531;-2,16801796;-13,53238862;9,216472521
67,81986193;7,937539481;-0,100893238;15,97618143;749,9482575;308,5474909;1293,097612;19,55500148;12,21914463;26,8895139;-1,763782126;-12,77148901;9,256611829
68,38619154;6,719726174;-0,947086705;14,39032228;806,3225875;368,6041706;1335,188551;18,04220896;11,27761464;24,81275808;-2,943405021;-13,67323212;7,787371267
70,17387215;7,656774338;-0,294469377;15,61361851;782,417775;337,2159031;1327,599857;19,00377306;11,81973688;26,18397705;-2,285581362;-13,29414783;8,720719296
70,34761203;7,499515031;-0,586855507;15,59538052;770,6719259;336,2916963;1302,880473;18,91528668;11,75425761;26,0796485;-2,489007097;-13,56301955;8,594783875
70,43612289;6,873806741;-1,401473265;15,14292538;744,8443651;325,8622649;1260,306732;18,65313639;11,5990678;25,70292533;-3,804647088;-15,56232806;7,966018965
70,86880873;6,636922631;-1,618320679;14,88791676;761,2330439;339,2820046;1278,204708;18,35809683;11,33964126;25,37599505;-4,018164571;-15,7487505;7,732827819
70,7596535;8,762202867;3,511245926;14,02038585;814,9919687;511,6722288;1155,455357;19,87932573;15,39485437;24,3650463;-0,263254099;-7,451947103;6,926687171
70,10924389;7,623549365;0,388234837;14,86466064;798,1110945;367,8128716;1317,316852;18,62863642;12,12926467;25,12331422;-1,717811679;-11,50094511;8,074690155
70,78524827;6,977824608;-1,046118103;15,00400262;799,3665214;353,1398766;1344,573734;18,43280091;11,49893798;25,36608985;-3,117827028;-14,42694588;8,198518965
70,72919587;6,901105728;-1,343604635;15,14696216;751,1993618;321,6812152;1282,257968;18,64206873;11,47520469;25,80451008;-3,524018392;-15,12527321;8,095290369
71,32688433;6,852733318;-1,787484568;15,48694722;759,0856004;319,804434;1303,613956;18,46442548;11,03079745;25,89702155;-3,482196749;-15,32432409;8,366959066
71,93642936;9,134086541;3,545820155;14,71547986;771,4986919;452,3750512;1133,774418;20,0700694;15,33869116;24,80419064;0,611485696;-6,672469422;7,914978883
71,66436148;8,818137567;3,007230753;14,62443212;785,9482771;449,7340151;1170,080207;19,81001085;14,88175353;24,73307476;0,239360239;-7,515102275;8,005884711
73,30802359;6,556988617;-1,445745466;14,55076223;844,7748732;391,1541265;1387,573676;17,73025359;10,76722307;24,69269954;-4,06324976;-15,22494214;7,102640633
74,71946167;7,411272355;-0,567676014;15,39998893;872,7963587;430,4769571;1396,526411;17,89902818;10,97077066;24,83247558;-2,581559389;-12,95655423;7,794182126
74,08416223;6,500410245;-0,091343173;13,09422032;926,6469892;475,5772988;1450,841284;17,0325724;10,70219818;23,36782822;-2,82095129;-11,86574016;6,231194103
74,55171712;7,264204695;0,601541585;13,92869939;910,9430681;432,6319891;1476,313005;17,25107968;10,98077446;23,52409826;-1,621578382;-10,70956064;7,466032377
75,73035381;7,387221888;1,029426424;13,74163563;989,6092286;484,7398507;1581,94065;16,47071325;10,54964427;22,39000813;-1,011457786;-9,407048079;7,386496442
74,09981788;8,089210022;1,556543852;14,62884454;919,9588475;447,8388335;1479,419328;17,77068751;11,69340774;23,85362825;-0,598343761;-9,656928541;8,459510569
73,29710417;7,393969858;1,061209596;13,72980707;861,804493;444,6933002;1350,013951;17,60422358;11,5398568;23,67024445;-1,448906408;-9,981982792;7,09000557
74,99075041;7,258952679;0,247478751;14,26845461;890,3630425;405,3606066;1468,109576;17,49773363;10,87592157;24,11186351;-1,798403079;-11,33088339;7,737007304
74,23750228;6,707225903;-0,393763564;13,79996737;883,6482322;441,8825195;1402,718618;17,79607637;11,301933;24,2882134;-2,83409416;-12,76861724;7,097107008
75,39791557;6,886394854;-0,080170305;13,85576135;920,6237731;455,4959297;1470,081957;16,99097999;10,50134324;23,47376452;-2,464362;-11,50583856;6,567155385
75,35526762;6,510059338;-2,40435773;15,42822252;826,6024133;352,9131123;1409,238876;17,56465464;9,964333919;25,16013961;-3,739844824;-15,50084818;8,026218886
73,43204265;5,215271353;-2,600566975;13,03652236;845,9770692;394,5043151;1390,259599;17,07307389;10,3791174;23,76971425;-4,857603716;-16,10361109;6,390953455
75,86220259;7,619381088;0,576670583;14,66694557;893,2857566;443,3938274;1420,772474;17,42179636;11,00919467;23,84130411;-1,536360213;-10,70005451;7,633483062
77,32208435;6,673727281;-0,220612728;13,57148598;939,3699427;480,5884499;1471,774401;16,28824288;10,1026441;22,47422536;-2,206323328;-11,3412397;6,929581874
77,49389019;6,460911055;0,04985659;12,87254233;982,2545164;527,2940921;1505,307503;15,8765427;10,04819564;21,71077695;-2,406187355;-10,92025625;6,098814895
76,63214315;6,976006494;0,876969921;13,07590305;947,2434391;504,3056636;1460,488153;16,42545489;10,93869417;21,91362612;-1,43108995;-9,40003252;6,545763802
74,77404919;8,117904271;1,946104478;14,28164454;879,4473107;451,1549144;1386,490032;18,05587339;12,31688714;23,80008759;-0,640522505;-9,510132127;8,235170526
74,55455729;7,910569406;1,206509346;14,61605682;860,2517776;427,1835146;1375,179487;18,15193907;11,97954486;24,31976973;-1,077789962;-10,70692556;8,548117791
75,83060882;7,851323824;0,811845963;14,88732686;865,7053195;408,2843555;1411,97133;18,15836722;11,72241113;24,5961843;-1,563099563;-11,72410428;8,606093382
77,07365885;7,77269853;-0,655780365;16,21303744;850,6029431;377,3222027;1420,581523;18,61485846;11,31345288;25,91565122;-2,862665087;-14,85441516;9,149971232
75,6042051;8,464214564;1,689747709;15,24621923;822,697457;427,612719;1282,52133;19,34718209;13,58725941;25,0959487;-0,896549459;-10,07786527;8,275104946
75,58555752;5,429460455;-1,656040854;12,51520966;875,0675502;446,2808147;1380,119458;16,65516558;10,52482605;22,78650158;-4,347111881;-14,60020991;5,921258277
75,68602238;6,969146994;1,610910038;12,32519312;883,2393644;508,1017253;1312,238688;18,17988392;13,44689328;22,91361927;-1,826311885;-9,69448277;6,0412258
77,11100763;8,355238586;2,703320234;14,00044704;905,6262511;502,4695635;1366,733093;18,19495665;12,97128469;23,4200624;-0,460371562;-8,131658668;7,212982749
75,87561469;6,583310435;0,588849761;12,57838284;922,2939149;500,2882319;1410,152491;17,04821975;11,30945739;22,78975725;-2,405085155;-11,15179693;6,336603939
76,03804046;5,880123825;-0,502881591;12,26718079;908,6242295;458,4055225;1436,740203;16,91191578;10,91325157;22,91281167;-3,413973072;-12,68512476;5,862689721
75,76514588;6,367020674;-0,024893739;12,76344615;903,5937722;459,3642909;1428,195423;16,88527398;10,85157606;22,92211693;-2,20968224;-11,37553669;6,960592576
76,43387989;6,717416843;0,727678511;12,70379886;935,0175431;492,6587501;1451,291139;16,68943457;11,10631882;22,27124712;-1,482985798;-9,870563097;6,903204381
76,7945643;6,652814252;0,339652992;12,96945498;948,3427221;510,5151523;1455,608123;16,60317761;10,67724591;22,52347047;-1,996557234;-10,58920061;6,584966857
76,68672632;7,891541328;0,503703963;15,27946361;890,291276;418,3142705;1454,032067;17,77282686;10,87735257;24,670915;-1,129578923;-11,02556962;8,774420194
74,89579667;5,274088444;-1,967168584;12,50440438;855,8458178;406,281976;1395,336913;16,46969929;10,14323966;22,79977976;-3,607873006;-13,97878409;6,776223106
75,81172921;6,573469706;-1,554984679;14,71102839;850,7495922;398,9298004;1391,79638;17,37463548;10,37435449;24,3680623;-2,531352309;-13,28565149;8,220126976
76,18108924;7,02135042;-0,558491314;14,60221112;837,6682746;391,4451862;1370,382824;17,80394652;11,21313092;24,38956938;-2,403666873;-13,11767478;8,312175446
78,17754806;7,30961321;1,061540662;13,55931959;924,4909385;461,5063173;1467,996125;17,41299727;11,54987117;23,27203431;-1,616550293;-10,22822219;6,995828735
78,28690412;5,812867093;-0,513017252;12,14753609;951,2488399;488,9865874;1492,296252;16,62177305;10,85951899;22,38370236;-3,741894142;-12,76457389;5,287987435
78,01809593;8,884906569;4,27074289;13,49690365;904,0207441;495,1814739;1373,953012;19,40450528;15,03805373;23,77179763;0,220797427;-6,129149888;6,560811681
77,88486756;4,908605346;-1,369522963;11,18286167;945,6297902;487,2229974;1483,169607;16,16249382;10,57665802;21,74987696;-4,405035046;-13,54261749;4,720431049
79,01002004;6,48687259;0,526266502;12,4460056;957,220382;488,0646711;1505,541031;16,99567958;11,53614694;22,4570826;-2,504485925;-10,87978272;5,873565996
79,32130011;7,26321472;1,890407123;12,63973362;916,688815;546,5705039;1339,677446;18,17415037;13,6403113;22,70579698;-1,59246172;-9,197239556;6,011978792
78,53639476;6,481323664;-0,386039345;13,34474847;899,5851866;440,967873;1444,255217;16,76266072;10,64136826;22,87895764;-2,875066441;-12,78582534;7,040845805
80,97691769;6,677463333;-0,595862719;13,95025559;937,5527197;447,8103798;1516,517904;16,7493925;10,36372288;23,14001467;-2,920660657;-13,16528819;7,329908214