Age;predMAT.fit...1.;predMAT.SEP.boot...1.;predMAT.fit...1..1;predMAT.SEP.boot...1..1;predMAT.fit...1..2;predMAT.SEP.boot...1..2;predMAT.fit...1..3;predMAT.SEP.boot...1..3
2,372170192;8,547384185;3,040433055;920,677581;270,8469425;18,0762085;2,55067045;-0,823465222;4,249883652
2,680489887;7,868102753;2,95686975;900,4662027;274,9929555;18,11914644;2,556090263;-0,867925714;4,367423673
3,114024206;8,405863971;2,898470171;830,985571;276,0296491;18,21642064;2,503436155;-0,575592308;4,099586561
3,480988683;8,633958121;2,92641169;827,8890521;276,2290827;18,35294153;2,53036563;-0,098598337;4,112141733
3,855927896;9,753835276;2,786202373;910,4103731;273,3746366;18,87328559;2,515623487;1,019826891;3,929389532
4,226106501;9,185755083;3,013552942;966,5496125;289,8471849;18,34733657;2,696094774;0,211748999;4,147925821
4,603065937;10,09162539;2,874866655;1046,522247;290,735927;19,40876287;2,814591254;1,427365682;3,907988164
4,978539504;9,80264252;2,961606304;1050,883529;298,2674756;19,10347308;2,782142343;1,470994646;4,108118272
5,349782862;9,977726638;2,841184397;963,6101835;312,7479755;19,01000941;2,778919357;1,831009407;4,023245919
5,707507168;9,102992503;2,786789782;1144,134636;314,8795322;17,75645379;2,594929045;1,489975625;3,920113638
6,07403131;9,022995722;2,776093359;1032,918789;303,9568128;17,24930539;2,57327667;1,782885526;3,846398731
6,437177498;9,204680161;2,772625987;1130,798731;304,8675677;17,81730742;2,652641864;1,485204706;3,824437176
6,811271863;9,586507474;2,828584183;1025,47112;295,4241768;18,18416414;2,712483407;1,608238171;3,899986447
7,187715314;9,35256166;2,817453764;1031,810868;295,5774868;18,13065011;2,724944784;1,628933658;3,82598771
7,565609299;9,81058346;2,748719015;1049,9131;305,3264635;18,58900637;2,693956619;2,247820166;3,751039872
7,937012841;9,628797804;2,861168057;1058,913069;295,4100978;18,37280951;2,702461636;1,435707767;3,887809545
8,320758891;9,421436774;2,803285178;1033,166259;297,2567262;18,13587709;2,719654229;1,61110418;3,800160897
8,687578946;8,876454555;2,875961911;1052,893782;298,0723881;17,56046445;2,713559937;1,26951479;3,913141022
9,053734641;9,223289289;2,872412041;1064,506434;301,9349676;17,85662972;2,758254326;1,307289592;3,914939894
9,417065919;9,216879216;2,95839154;1077,053803;310,6588017;17,94364071;2,738689426;1,075994497;4,021043824
9,795050971;6,939268739;3,115346365;1138,119309;312,1560558;16,14443754;2,792526769;-1,381665688;4,323467159
10,16638397;3,557310895;3,141748247;1059,422687;301,9415257;14,46745847;2,665848591;-6,270928113;4,582773036
10,54128551;2,173058291;3,280010922;816,5477272;264,3698622;15,15871351;2,849415438;-11,00432659;4,873522523
10,40733674;1,903238585;3,010200835;798,2035283;262,4298439;14,73125165;2,873513146;-10,9175963;4,803457772
11,26908766;2,029519637;3,24329875;730,2251928;258,7466741;15,69158178;2,779095521;-11,01918462;5,009483652
11,61998542;1,970215848;3,201854036;876,284149;267,5679543;13,99157619;2,604912319;-8,893046159;5,112777449
11,15953887;2,080301548;3,089272584;941,2019377;279,1278417;13,95710802;2,697517671;-8,702980832;5,372352101
14,68286027;7,531556563;3,316211129;951,2062286;259,5870552;17,78303934;2,504079708;-2,009746127;4,828670633
14,78888325;8,015214205;2,824583215;1024,370097;271,2632224;17,92846787;2,403545664;-1,485159298;4,062049777
14,86160123;8,208723435;3,259691304;1072,551304;283,355025;17,80733012;2,874348349;-0,652137053;4,502016122
14,9706782;5,784168593;3,194866154;963,6775443;274,9552591;16,32333513;2,819623463;-3,953854649;4,386677092
15,04116796;1,72724601;3,112620735;766,4478648;251,5443011;15,60055609;2,771930305;-12,28374208;4,894796533
15,1469026;1,736147772;3,182905983;805,9188831;256,5631254;15,34343448;2,716483386;-11,16719704;4,868930747
15,2182835;1,159190107;3,030986094;761,3663073;238,4113954;15,07265679;2,615896797;-11,75432674;4,623998169
15,32535484;2,020078168;3,117420154;709,4212215;233,86187;16,39097277;2,721495168;-12,49632855;4,68685367
15,56642284;2,491714959;3,182072092;711,0334743;234,3305729;16,48005089;2,608299265;-11,56715824;4,8222429
15,67133161;1,015219505;3,268194609;807,7034759;247,5049093;14,42075494;2,62559788;-11,5768668;5,011218716
15,74588994;1,611087944;3,193309999;801,6320397;241,5705011;14,991592;2,547348298;-11,13391105;4,784717877
14,94995375;0,411275771;3,302190891;820,342727;237,8369618;14,41615285;2,744266193;-11,48394875;5,783738742
15,92813631;1,36486159;3,30698233;821,5978292;245,7573765;14,73287359;2,544477507;-11,16859985;5,097722877
15,08524256;0,169808656;3,629672885;749,1439039;230,4644582;14,42784992;2,759941944;-12,79323492;6,284351588
15,1771969;1,911520753;3,418979707;738,3721179;220,7703924;16,03449158;2,783439609;-11,37400277;6,018110086
15,46034158;0,809717421;3,482823496;732,6907295;235,3686972;15,11714117;2,869301405;-11,99529419;5,87142101
16,27825118;3,303033155;3,586554297;873,3058117;240,3230831;15,72083544;2,838935104;-7,793894287;5,037000148
15,57317512;3,145465502;3,536872845;806,219762;224,9371368;15,76623729;2,891466891;-7,950490654;5,917201689
15,6262104;2,766915653;3,256589701;874,8636542;246,9910835;15,35229786;2,83059849;-7,245525505;4,880646989
15,82850512;1,659759525;3,447518686;766,9229034;229,9548824;15,03439029;2,896309193;-8,854534663;5,090848929
15,74637928;2,878061132;3,229351096;811,1122576;234,929112;15,48826831;2,893772196;-7,824824815;4,971791341
15,94429891;2,50610114;3,479905103;833,9105057;235,9799637;15,21234465;2,876903844;-7,593743143;5,218706185
15,9974014;1,477333818;3,398221254;880,8258756;238,0116588;14,6108062;2,756169697;-8,720285002;5,164681698
16,11675766;3,372233752;3,445711246;816,0857952;228,099613;16,05926301;2,988438147;-6,490551996;4,987145988
16,99345173;2,559735478;3,718173251;840,937671;243,568554;14,99705577;2,953982313;-9,46325867;4,99796647
16,34747178;2,518393144;3,919229216;679,3835755;224,6956221;16,63727621;3,18265906;-8,979019055;5,757222642
16,47862992;3,905809353;4,039958335;725,176865;230,0827109;15,85895607;3,322964417;-7,735369165;6,204830249
16,24727259;4,718416585;3,511896131;559,9738259;211,0689366;17,76695926;3,116600897;-7,045587042;5,385144465
16,59361603;5,291797163;3,779074598;637,5526146;243,945062;17,40894947;3,237601985;-4,246172329;5,799377707
17,04101619;4,947040138;3,687526789;666,7711292;215,820845;17,87632451;3,261634283;-7,867800195;5,265526752
17,12810287;4,351563406;3,945285235;717,4090033;258,2349407;15,65565875;3,267237681;-7,008216755;6,134990152
17,24405594;5,169435536;3,865656052;713,3119663;244,6527044;15,65151412;3,284407949;-6,03453962;5,602269648
17,50058552;5,658487739;4,020284121;728,3374501;236,9321027;18,17235145;3,253206433;-1,985187783;5,781155677
17,32749348;4,266853578;3,472927403;744,4358099;235,8038778;15,49613902;3,225285642;-5,944379693;5,034450385
18,10723859;3,301000238;3,526964926;711,1948177;235,6932969;16,33393665;3,14634913;-7,521457715;4,744636946
18,53258269;6,28465646;4,56758321;682,0098557;258,0833551;17,07160986;3,720178368;-4,566050934;6,599724926
18,06873584;5,630630352;3,558056729;680,6347378;213,5712261;18,61158364;3,164744112;-6,171398787;4,876568046
18,38324779;5,958636999;3,139519018;637,4606856;208,0942592;18,22337338;2,961065091;-4,610482265;4,615751081
18,51676788;3,949459929;3,681259267;624,1553943;204,0118791;17,07136804;3,06903004;-6,822266247;5,115141646
18,99466383;6,798367282;3,714660434;702,4122559;236,3188198;18,28752331;3,155328533;-2,225854977;5,244842289
18,749597;4,396953104;3,575599338;721,0702792;206,7584825;16,73248992;3,244067809;-6,963347275;4,997690096
19,29236538;7,083550066;3,829863407;688,495482;249,4029422;17,25563779;3,295363198;-2,500078332;5,544953651
19,29716283;5,817083759;3,864749385;634,5929093;217,3622457;17,70543952;3,323936265;-5,978662836;5,1518954
19,6141612;4,69012354;3,89218109;790,3513104;234,9817702;16,39692509;3,384846587;-4,414688665;5,386109293
19,54783957;5,580327001;3,524640827;801,7270963;232,8602258;16,27701132;3,138867119;-3,938696377;5,093603006
19,94827261;4,847963997;4,107275164;670,0508164;246,3542393;16,46532984;3,284749622;-5,435203049;6,530942303
20,15309027;5,172712843;3,676390174;882,6836834;276,5718936;15,34432021;3,084391057;-5,361180237;5,669286502
20,59021966;6,624962504;5,737984961;806,7335454;266,1048581;16,02416741;3,713510757;-0,668016966;8,937110792
20,8945562;6,338135441;3,997509355;843,0408676;274,8318759;15,68124551;3,372022435;-3,934672923;6,148836511
20,42037365;3,457299233;3,8024861;725,9906595;233,5117177;14,98499287;3,282778618;-7,172521785;5,298015368
21,05811512;6,445766484;3,779710823;804,1874622;236,133309;17,80367832;3,236404947;-1,617073464;5,219638657
20,91037142;8,344710019;3,209776097;689,739511;231,9758335;18,94387118;3,033561583;-2,889281858;4,983931337
21,70862503;9,042350753;3,664275489;868,012012;262,6824275;17,60935888;3,241141853;-0,654137936;5,27739649
21,75147448;4,712740932;3,675913622;835,9783001;234,320291;15,65374629;3,303554308;-6,225391943;5,685457872
21,70542282;4,073420853;3,092132668;762,3518403;214,8869594;16,06354357;2,911940865;-5,86519902;4,715248262
21,60304249;5,346202377;3,146123657;699,6713695;219,0192964;17,81379105;2,976530506;-5,697482502;5,028286703
22,01397366;4,727767394;3,440791155;742,2164918;231,2380864;16,78411708;3,075675771;-5,19949003;5,279541683
22,60215557;6,408213407;5,12924096;792,3858916;266,0471456;15,04289398;3,704352463;-4,114500528;8,019828443
22,67909824;5,227131416;3,829331474;794,8627887;259,2335979;17,00504658;3,439327385;-5,783850899;5,917266814
23,18463351;5,567611291;4,532752512;786,0130245;266,7628039;14,74176807;3,075604512;-4,526958523;7,315021781
23,18124323;5,142020812;3,436425434;877,4861619;262,4517207;16,7614701;3,14923703;-4,446414869;5,579477364
23,04180889;4,79802459;3,595265512;773,2411852;254,2042246;16,40525677;3,350811745;-6,055804691;5,819290863
23,83295939;3,687284766;3,998479503;779,9709456;266,7403422;15,53228885;3,139610711;-6,673818176;6,124406466
24,46416994;4,754293449;3,575705844;873,5122695;274,733093;16,44608171;3,337762389;-6,650029537;5,296662376
24,55290819;4,520994403;3,467894142;817,1528087;263,9870859;15,16250637;3,15205959;-4,710582789;5,386524901
24,37194775;4,409455362;3,43716025;776,8731679;245,4613514;15,95574547;3,206737812;-7,129834356;5,425004098
25,53000876;4,659437494;3,914459258;809,1669438;280,2130808;16,41981955;3,246453601;-5,234171342;5,726738677
24,91076181;3,899410439;3,540583924;788,9997397;261,5083524;16,2446459;3,211750143;-6,255814997;5,272776388
25,62440261;5,195318197;3,856519758;810,7071762;264,1312472;15,24708293;3,031561901;-4,347866034;6,241296701
26,99228854;3,819673912;4,095414611;836,6800633;262,8371558;14,83996267;3,137842794;-6,878595742;5,822483222
26,26322499;4,263896043;3,413924965;779,8859708;233,8786049;15,23406484;3,209494031;-6,083022229;4,771177815
26,38607436;3,416885674;3,294144205;783,0734152;213,3569287;15,53908006;3,082568277;-6,676168826;4,830396506
26,51137175;4,426753394;3,430385704;839,5319879;230,6688447;15,98939275;3,283321777;-5,782737091;5,06412991
27,10583089;5,154564305;3,279468556;828,8235981;242,4234555;16,36104747;3,081882652;-4,547161598;4,529088918
27,60188681;3,457403275;3,389207327;803,3804248;239,3680196;14,49789103;3,096047234;-5,835687493;4,734983371
28,77532181;2,816871622;3,463023568;886,2253314;233,9789293;15,46520383;3,019275039;-8,168990964;4,715704621
27,85698251;5,952288923;3,215785532;879,1282831;237,6186194;16,44855158;3,016141787;-4,039682198;4,883096616
28,28710952;3,75850515;3,231502562;806,5068049;221,6956898;15,98639791;3,126657855;-6,428480295;4,725288229
28,31718359;2,899893973;3,592201823;836,312843;227,1411049;14,32694742;3,148789948;-6,793356921;5,25039401
29,11702491;2,398114913;3,314454692;844,5047223;225,4135363;14,29523442;3,023628206;-7,486381285;4,847058776
29,42400511;3,937723811;3,266576738;764,0398512;215,0068915;15,69738679;2,960555874;-5,873477072;4,673735731
29,68896866;5,460580769;3,244430728;841,1472303;233,5141637;16,45958332;3,095216882;-4,431859571;4,637185474
30,07719623;3,372371362;3,330056649;844,1065194;225,8375408;15,23013355;3,097471227;-6,540111156;4,726936641
31,42381316;4,147764722;3,533574156;939,1411818;242,2730777;15,10007422;3,187743575;-5,510288023;4,709660298
31,0885409;2,373365839;3,215540557;887,3687307;235,7776367;13,36471212;2,823701037;-7,05485059;4,660803849
30,74213725;2,387179532;3,147134558;879,5245169;231,5176174;13,66286373;2,91327197;-7,827096737;4,818318197
30,93164332;2,165170841;3,486346482;856,4874604;231,1696117;14,17203011;3,22183663;-6,497726726;4,854731453
31,49103337;2,467640135;3,364311645;855,299095;227,873852;14,25623346;2,824229999;-8,397226189;4,781895698
31,59632679;1,999667035;3,071507835;866,8725731;230,4240409;13,60734197;2,774661644;-7,771412255;4,740413268
31,84457127;2,291303239;3,175066174;831,2906066;227,3307027;14,64487564;2,873421478;-8,101625039;4,774644468
31,07710482;2,938493087;3,341947056;807,0032695;223,9391819;15,56767546;3,014921356;-7,335603679;4,93301945
31,87700036;3,052454211;3,1242348;860,8705983;228,5049344;14,1109911;2,834200071;-6,843269411;4,847396795
31,71709442;3,682142879;3,458833616;738,3009868;220,2816786;16,1710953;3,279643824;-6,124543023;4,956253958
32,72847679;2,193935753;3,219938451;977,2169461;235,1611111;13,05990264;2,829155999;-7,23171733;4,831040043
32,34711253;3,301083985;3,310801671;798,4555599;234,1281009;14,61585386;3,045303451;-6,262391487;4,816874767
32,35916325;3,7277967;3,516575912;740,6744054;227,8353982;15,54812638;3,298636029;-6,391162543;5,014058766
32,73637461;2,696802799;3,692075529;892,7564412;236,9623944;15,18778514;3,399003973;-7,126397911;5,139438028
33,08630614;1,85722843;3,311834605;863,3342752;230,5150604;14,34514198;2,890769794;-9,07896199;5,123145604
32,91075233;1,68572249;3,192812911;814,3831172;232,1090718;14,13057445;2,737409654;-8,623289039;5,051074358
32,94803148;4,473791598;3,593078517;772,1788783;224,3909162;16,06749103;3,178277844;-6,199807981;5,104300566
33,69716587;6,166137404;3,589134279;861,9556305;244,7968165;15,81176887;3,123154084;-3,714874879;5,169182809
33,79680737;2,015842153;3,31220905;822,7790492;234,3280895;14,38929748;2,948728348;-8,647596717;4,888001488
34,45889053;1,69290768;3,241347274;880,392352;250,6074095;13,76599625;2,832990817;-8,835644383;4,817199379
33,64491742;4,025373937;3,451829918;754,6224148;213,6532266;16,21625986;3,250781027;-6,573328333;5,017037625
34,28361102;4,270989045;3,394272068;865,4741135;230,1543475;15,37938239;3,133037492;-5,301647563;4,748666884
34,74416196;5,04769591;3,601904321;839,7422289;244,0969682;15,31590664;3,278721073;-5,052537212;4,881727106
35,00648812;2,448539793;3,311462538;861,4269706;233,4483649;13,99012774;2,916127549;-7,062604568;4,697179758
35,70252677;2,627431668;3,51703452;853,8360264;227,3621736;13,7094936;2,978499398;-7,383160552;4,938486065
37,16435383;2,885368683;3,691249693;867,6605865;244,5471632;13,73384573;2,981303003;-6,418479253;5,104416623
36,78464177;3,283793962;3,309776271;730,8834942;252,4790373;16,72761604;3,069676613;-9,369613714;4,813474911
36,03087739;3,698640899;3,515910356;909,6532558;238,9674963;15,17379813;3,113721053;-6,616904759;5,013425949
35,90191034;-1,046526656;5,379629137;676,0983588;217,2308241;15,74774778;3,584154235;-14,18233244;8,075997678
36,90642599;4,266088965;4,266823615;688,6861703;230,3964638;16,55514865;3,433670061;-9,011134318;5,987980274
36,42901927;4,192769213;3,416911703;694,6539624;208,9250372;16,87569389;3,155408859;-6,086188718;5,041196712
37,23246195;3,978205322;3,785364754;774,4268662;235,045698;16,01705906;3,221226317;-7,381968571;5,70963757
37,97791397;3,86641326;3,698240593;779,5942636;237,6207044;15,85674309;3,291326088;-6,734921304;5,090737598
38,0166519;2,472144048;3,982206933;791,3150545;231,9519163;15,09491634;3,409766874;-7,444889407;5,488468887
38,16744432;1,132791269;3,849082362;761,2490628;236,2404555;14,03619781;2,882151457;-8,695634206;5,852046374
38,36344631;6,235332522;3,820263569;747,9460716;255,3655457;17,77020384;3,269725375;-3,175905892;5,84874167
39,30409928;5,285624744;3,452114471;861,3258793;253,238117;15,80595424;2,920428473;-4,026105614;5,025960363
39,36494025;4,294647732;3,643858063;888,0742042;241,1963235;14,19073776;3,181451641;-4,921351797;5,065816999
38,92465463;4,683652051;3,464163823;872,6342236;246,1696703;16,12099126;3,389103189;-5,021771629;5,000308368
39,15870494;5,268145501;3,799555998;859,3122124;250,8489069;16,55666923;3,316850092;-3,719229639;5,867510223
39,94285861;4,213703488;3,596266546;799,5997625;226,947206;15,75814425;3,084899444;-5,558955578;5,226080802
40,23142165;5,521419334;3,327942481;696,3789712;223,565149;17,97194023;3,268636697;-5,303601261;4,89054291
40,26433242;4,318680467;3,223301692;835,7432327;234,8218744;15,80059062;2,903243807;-6,134931187;4,796419648
40,73628309;3,601388748;3,525154916;834,5419149;229,7574288;15,44482584;3,187685784;-7,110857194;4,911253129
41,19477722;2,682607013;3,129238119;898,1367931;225,7892921;13,98901664;2,904915761;-6,726924375;4,677545946
41,22813074;3,125459447;3,066149964;889,6304151;232,7862447;13,99860581;2,762057326;-6,180411479;4,883437743
41,21412627;3,24809401;3,211591725;848,8236423;229,7752243;15,02318818;2,903659481;-7,092992607;4,856687166
41,85167208;4,415005908;3,359246446;888,242983;225,0881833;14,47495446;2,961083335;-4,417213345;5,125269535
42,56975723;3,609598786;3,37158204;938,9962545;248,9220195;14,19460843;2,989058709;-5,514166488;4,778807053
44,28350108;4,585930409;3,588342314;995,0307215;251,3950341;15,12551032;3,045274923;-4,721960305;4,807181788
42,59825881;4,609017414;4,080048956;796,4125009;231,1175107;15,77007408;3,167849532;-5,264408625;5,909662338
42,80726822;4,077161158;3,951312114;785,5332846;243,2696175;16,41420889;3,389801087;-6,798059015;5,56270137
42,89171685;4,104384842;3,555149105;786,5082013;232,2285975;15,55419342;3,090883801;-5,733737286;5,247839984
43,0219448;3,640134303;3,743556302;771,4248382;253,1350395;16,10518266;3,150077481;-7,179056768;5,738045681
43,41469609;6,079481074;3,338481799;873,1379955;229,7037011;16,28722476;3,141529099;-3,808232913;4,900354711
42,96080779;3,461913535;3,48411027;715,2772856;214,601138;16,74746912;3,023935298;-6,974715031;5,116597038
43,41640299;5,554789392;3,513388804;836,1748556;235,4277038;16,75454636;3,204702153;-2,968027821;5,298063078
44,09244734;3,910316765;3,205095541;888,6974106;222,1177139;15,26859262;2,920324687;-6,462829533;4,752138401
44,25517814;2,519879246;3,110242236;899,9667614;218,9101419;14,05767788;2,722113987;-7,828595848;5,175989972
44,3641643;4,930743182;3,232589337;842,6205665;223,5817152;15,58512049;2,722149172;-4,359809508;5,190337045
45,12043095;4,145282672;3,377559902;827,1504374;236,3322129;15,14648349;2,897883025;-5,052577282;5,119766944
45,17428803;3,855015459;3,006555063;901,1458893;218,6318513;14,57356279;2,684389767;-5,789578133;4,724269781
45,33338751;4,051784283;3,234042924;908,8809115;229,4659561;15,19649868;3,036455822;-5,683278905;4,827742032
45,36574579;1,415561234;3,093192053;981,9030002;240,5293183;13,50446505;2,652767398;-8,854542687;5,214625241
45,52414249;3,393445585;3,149635875;819,5680075;230,4536398;15,37705745;2,817332327;-7,398538513;5,264939655
45,50545799;2,250126277;3,155814632;840,5464211;250,638023;15,21103095;2,821810655;-7,591837339;5,16030959
45,7652627;2,570694839;3,264802669;866,2004789;227,2134457;14,29533161;2,944112463;-6,770738725;5,048116755
46,48832569;3,318557469;3,233834669;989,9279705;249,9235252;14,44392374;2,743339987;-6,665888543;5,182848781
47,33278888;6,050766488;3,418951993;930,8809275;257,7351977;15,74918274;3,155391025;-3,1243429;4,830830737
47,27065588;4,636253416;3,340954515;847,4544663;232,9663651;16,26310282;3,040004539;-5,011428774;4,778539317
47,83819127;1,988692363;3,488283853;911,648858;249,9234284;13,55143746;2,994341239;-7,80718008;5,35063567
47,73054229;3,641523498;3,230773066;875,2826928;240,6806269;15,39475025;3,277076946;-6,396566869;4,690035455
49,94923597;5,538231216;3,436120814;848,592379;236,4281143;16,30264729;3,041751064;-4,720260422;4,463867053
47,64414655;3,05030437;3,292552468;899,1918642;229,8227782;14,47395778;3,020343203;-6,352589858;4,752694708
47,98851244;6,302455656;3,299544472;686,5811137;219,5580552;18,27733343;3,085142988;-5,274219117;4,969781051
48,40969811;2,247877905;3,658581172;824,6701071;230,1987626;14,97881869;3,274645049;-8,972340565;5,197181005
48,99573747;4,825879381;3,646660961;840,1428125;230,0125244;16,00089359;3,154124581;-5,109038112;5,194651401
49,12258342;4,366030213;3,385426128;812,6060014;219,4223159;15,63958826;3,059349137;-4,927868377;5,087972722
48,68475747;4,387660334;3,447691846;815,6193626;232,67423;16,48550954;3,173414405;-5,415558247;5,025766429
48,8384252;6,262202092;3,365265669;790,8696387;238,8865342;17,64838005;3,261421718;-4,331083181;5,07192082
50,03139075;4,35279976;3,280764111;879,5477634;226,837015;14,77773136;2,888469387;-5,286143404;4,839286289
50,29921986;5,420588585;3,515305927;812,8358572;227,5944342;16,14274533;3,207509041;-3,986538566;5,038340248
50,2891244;3,787670714;3,476617796;857,230889;227,9169825;15,72167124;2,964403603;-6,263654551;5,224552432
50,62152457;4,128484901;3,326631225;765,8676958;219,3647957;16,46404755;3,107844301;-5,577496923;4,70162076
50,96636077;2,615455335;3,508932055;679,2532436;219,9625413;15,57402431;3,19173781;-9,155101555;4,962622087
51,26431266;3,312745446;3,893839091;697,4414756;223,4836713;15,58500751;3,264981139;-6,934130126;5,332618815
51,29817492;3,356012038;3,708651477;733,8018736;226,9102265;15,69140028;3,236139452;-7,36910783;5,117879192
50,75341394;3,916294561;4,058500398;630,2393025;237,3281486;16,31500885;3,166185158;-8,523526449;6,283744653
51,780981;4,952169241;3,523996083;612,2578161;215,0146116;17,77925051;3,24515388;-6,05816477;5,245389662
52,61015187;4,675116321;3,720007987;753,8461619;238,4368523;17,16245155;3,109226008;-6,474135049;5,240640578
53,17332686;5,211672904;3,376816599;666,251318;217,4385356;16,70289806;2,883948686;-5,952716154;4,96666275
53,29496315;2,786013729;3,405312458;735,0507263;220,5738387;15,48964951;2,811927758;-8,182618414;4,820227112
52,53997053;4,5947617;3,652103755;657,359088;224,8618239;17,50037011;3,171138569;-5,08072107;5,168104634
53,32433438;4,648552287;3,521238476;836,9802912;247,3057223;15,17859241;2,957024809;-5,24106401;5,147041115
53,13317725;5,036918013;3,549508714;772,5389575;253,9697997;16,63748596;3,06100407;-4,980533121;5,197927277
52,67170815;3,627486864;3,303252738;895,9315553;263,6342613;14,70721062;3,0914384;-5,568767341;4,922382016
54,06029317;3,546163733;3,577450111;746,2468891;233,9229596;15,40079294;3,013365717;-7,577695594;5,036388795
53,46106642;2,945347258;3,284423203;1036,176409;278,3438857;14,04944811;3,084266421;-6,667285847;4,845293616
53,66804872;0,610961838;3,380812722;815,2083893;234,4887476;13,61575649;3,03819091;-10,48980467;5,000631236
53,80318157;1,558165546;3,081959054;858,7709171;237,2827292;14,52936957;3,048376537;-9,543368136;4,799846889
56,02331213;3,281855128;3,929163374;855,8007693;247,5261007;14,9146746;3,097804934;-7,830880416;5,228044939
53,28847667;4,739468106;3,081813734;938,6465398;227,7495584;14,91418746;2,881644085;-4,267242229;4,564255709
54,08281397;2,383931761;3,628349265;803,6911302;241,1397857;14,16733175;3,199307063;-8,149381541;5,317758905
53,42267307;3,907829933;3,15753743;973,0234452;240,3124915;15,1165275;2,9614455;-4,333540693;4,716757183
53,81441607;4,106430477;3,26133614;870,222474;238,0918712;15,87193293;2,808532874;-6,991675688;4,952252649
54,06856982;3,777026841;3,034205807;862,2498421;227,282819;14,83012193;2,757683902;-6,49583049;4,842687946
54,26593005;3,138308123;3,23055219;840,6019858;239,2207029;15,57228152;3,154056312;-7,989174411;4,960484669
54,44748361;5,202272185;3,332173466;804,2892248;235,2195859;16,71047321;3,246367651;-4,738735087;4,653504409
54,25159687;3,567809708;3,173881816;846,0275835;224,8951063;15,73759582;3,036088108;-6,556884362;4,900151434
54,78077452;3,682965732;3,359280612;885,1597401;226,060184;16,3478008;3,099101306;-7,574220571;4,813002951
55,23126841;3,85747167;3,618498139;822,2232727;248,8285226;15,7498136;3,213970511;-7,730994316;5,194140611
54,94414331;4,315034642;3,108243106;841,8324876;246,3192427;16,09460887;2,964932859;-6,821334634;4,857442729
55,42299451;6,640249067;3,291912148;932,7105567;250,3836755;16,61224666;2,934132567;-2,583418086;5,091591222
54,86847638;3,823806449;3,187506046;879,7992395;231,3628245;15,21356827;2,981673753;-6,847563592;4,751013878
54,76172187;4,863804218;3,338151427;822,214772;231,912992;17,04802648;3,132929542;-6,551209883;4,919769425
54,96862322;1,133326181;3,04453818;857,1388018;223,1809451;13,59271107;2,732049124;-10,37979715;4,715743394
55,50209587;2,307118206;3,675427224;869,4898772;236,1247313;13,7534937;3,106497382;-8,190731806;5,355093208
56,03598842;4,516384009;3,547682394;870,8354566;230,6196802;15,19690971;3,059512795;-5,018942726;4,909134778
58,0650184;4,374969302;3,693121558;903,3252644;273,7777858;15,88328286;3,130085921;-6,789010642;4,934822794
56,3614379;4,952160394;3,335166013;1031,184788;273,0271397;14,50624547;2,917366628;-2,822580039;5,186093767
55,89371826;3,571756513;2,970983693;950,8931052;251,9328313;15,01183636;2,550946427;-7,135442591;5,118212182
55,46197936;3,1850009;3,09221734;934,1428858;241,6813605;14,22249123;2,842506451;-6,942588296;5,060092723
56,27285718;3,418304235;3,309142914;907,4279844;251,8073435;14,20499921;3,005591982;-5,19598518;4,914670462
55,87524362;2,410443295;3,289722914;918,9246167;239,3274151;14,15133229;2,960965579;-7,069983178;4,960424839
56,62074618;4,958779425;3,205168711;881,7779183;243,8805425;15,74226241;2,817142431;-5,89221124;5,245539547
58,72857294;3,932787612;3,294782563;980,9858645;266,1990422;14,34037497;2,7069918;-5,29154229;5,496061499
56,46215079;6,109197108;3,410034473;944,2784269;247,2435841;16,02596255;2,902168511;-1,814135607;5,152038721
58,6303921;5,080839883;3,456256291;995,9379232;251,560339;15,67535433;2,865276264;-4,683909509;5,117748382
56,75606125;3,921914872;3,039411834;1004,163972;257,3531644;14,04848782;2,750467075;-5,073664723;5,292753866
57,50335975;6,032433985;3,508673757;932,3889141;251,8453063;16,0131548;3,01434074;-2,698378693;5,154958607
56,6511466;5,374465334;3,280956268;875,2274122;235,7103229;16,4095504;2,963978805;-3,784685512;4,720421042
59,2389995;5,450787094;3,27631407;1054,676497;274,2912546;15,3976589;2,880967165;-2,497890756;5,023116526
56,85334175;6,235797204;2,943939738;987,9408233;249,9156939;16,13323581;2,836647886;-2,613368674;4,518517209
57,53721846;3,575353527;3,022214504;864,9440927;227,5311561;14,6048932;2,726162605;-5,504942868;4,579116789
57,0842988;5,424586481;3,327130993;847,8811293;239,4947555;16,76807467;2,958279235;-4,273750739;4,873414261
57,30217163;3,837448035;3,323932313;857,4671396;244,2043446;15,26393617;2,984928254;-6,95232099;4,817549952
57,55453652;4,485411892;3,236093088;812,37478;221,3497703;15,15859458;2,88998479;-4,969911996;4,660866981
57,20646392;1,796278701;3,178799056;967,9998242;247,3863254;13,86168378;2,774166738;-8,043390649;5,059299755
59,9535967;3,119265722;3,246756598;948,1825267;263,0688148;14,78669334;2,741412604;-7,726363987;4,777711842
60,00463935;3,047837776;3,265439073;938,0110251;269,6013875;15,20193643;2,758774083;-8,920172482;5,006781228
60,05568201;2,694196432;3,158730905;970,3579122;267,2871982;13,72463226;2,609942526;-7,05530213;4,530326774
57,26634305;1,382678361;2,960581985;963,9731933;259,4803349;13,90442265;2,649202939;-8,920514793;4,940296307
60,15776732;3,858915401;2,975017407;868,6718001;228,4219943;16,13590523;2,441117531;-7,804575896;4,348428617
60,25985264;3,918560597;2,893564823;849,8316134;239,1372915;15,93276438;2,505324371;-7,393073217;4,135757927
57,38078243;4,193368193;2,808998357;805,527599;233,2203293;16,41612554;2,554179216;-7,20489562;4,429444601
60,46402326;3,999005563;3,000471494;887,3218684;242,0583488;15,59898613;2,505897653;-7,071222296;4,283778875
60,56610858;5,535604405;2,900644483;869,603108;250,3620521;17,07354567;2,53158127;-5,422409689;4,133310208
60,61715123;5,372186787;2,768861172;894,6672716;251,0319708;17,07742021;2,405842157;-6,07979869;4,003921939
60,66819389;5,992511582;2,832752869;983,4161136;272,2890336;17,34529444;2,429937375;-5,264975957;4,024529946
60,87236452;6,514340176;2,825226149;1075,454297;300,8437543;17,92719888;2,440760915;-4,43114948;4,036950414
60,97444983;7,046920595;2,888600613;1057,045274;286,424938;17,91715084;2,548432099;-4,060903488;4,150257787
61,07653515;8,439846555;2,882015457;1067,481882;257,1159011;18,69837698;2,611325671;-1,041390055;4,028085562
61,1275778;8,728666619;2,935063388;1208,883212;295,3710253;19,38035572;2,676746323;-1,6694718;4,105330928
61,38279109;9,074901264;2,847785241;1137,068583;285,2972185;19,32562081;2,680734829;-0,873057145;4,079541714
61,63800437;8,638275615;2,821598251;1057,294283;256,8638033;18,86768557;2,580745587;-1,000048519;3,995340279
61,89321765;8,784649977;2,83695441;1146,667146;263,2025722;18,43406339;2,5828487;-0,319072945;4,086304348
62,09738828;8,747793153;2,858964863;1080,302946;263,8727567;18,77894752;2,558789268;-1,209499241;4,031171009
62,14843094;8,559186664;2,864995912;1110,085966;263,4956869;18,4577128;2,575314457;-0,276247308;4,01527366
62,40364422;9,203354439;2,809918341;1119,418993;264,249246;18,30640562;2,55662349;0,534824367;3,911291135
62,60781485;7,932544289;3,210484839;1098,39509;269,7099948;17,55142322;2,784040944;-1,161862101;4,303274597
59,72524625;3,810343478;3,163707612;900,0799056;249,8302657;16,34017668;2,72340396;-6,10993262;5,229847636
57,82905196;4,024764988;3,210893099;672,6232165;216,2847234;17,55234574;2,875727401;-8,185348973;5,927593073
63,11824142;3,49550559;3,304664895;1025,723129;262,3117007;15,15864409;2,805298569;-7,139596589;4,597267071
59,32785894;3,477196503;3,316420379;798,613487;247,8926526;16,39577252;3,014636989;-8,691921981;5,304489388
60,67584965;5,037643962;3,287465438;886,3925537;255,7346245;16,87456149;3,042306979;-5,517078088;4,796158978
59,37007252;5,565892156;2,99906051;686,1429025;204,2472348;17,87969507;2,684261367;-6,080683504;4,869127167
59,63179539;6,03932081;3,251370199;660,6468219;204,3404161;19,07442101;2,786741966;-5,850595835;5,47896269
63,93492392;2,472388819;2,893776547;811,2590765;235,2004622;15,46204368;2,548992645;-9,8784876;4,346344354
64,13909455;3,059449229;3,037289791;785,8278237;240,4780982;15,56296077;2,604617353;-8,223026717;4,30101216
64,19013721;3,429061358;2,948207977;870,4262646;227,9154574;15,25305478;2,504128126;-7,567826765;4,093383126
64,44535049;4,014839717;2,831222876;836,6436959;241,2636141;16,54524765;2,404375021;-7,832534031;4,166119982
61,00885949;3,347870628;2,799429553;785,1968604;221,5350404;15,61034818;2,519934132;-7,198185127;4,508906679
64,70056377;4,231896435;3,006921186;885,2540288;238,538512;16,351951;2,476877163;-6,89956595;4,277610288
64,95577706;3,078143018;3,200052309;864,9037317;251,5469361;15,08992123;2,68036017;-7,708366004;4,326146275
65,15994769;3,650790973;3,417610818;882,9127981;239,5196692;15,6019481;2,876794513;-7,683073179;4,593158228
65,21099034;3,950059541;3,105890996;883,8598012;239,2116594;15,16191062;2,616416617;-6,551468442;4,28027061
65,46620363;3,850559853;3,098961903;833,5926211;234,5872997;15,86896569;2,673512838;-7,38073793;4,27326672
65,67037425;3,42192039;3,179791735;859,9792591;232,8479977;15,17345047;2,648922194;-7,813127585;4,427945122
65,72141691;4,499002599;3,068348306;864,0238175;236,7964064;16,03367245;2,545672144;-6,417182963;4,380292564
65,97663019;4,597350664;2,772181958;836,641171;236,7676006;16,05603334;2,38353239;-6,679348854;4,148889292
66,48705676;5,001823911;2,916383607;895,8174811;254,0414305;16,66347552;2,484908195;-6,095415402;4,115468886
66,69122739;5,541280999;2,82288589;900,0571564;247,1548095;17,19163811;2,450996578;-5,891175578;3,851297143
66,74227004;5,311791203;2,817626344;826,8907942;242,7341368;17,13820658;2,431383483;-6,236938801;3,930748001
66,99748333;5,052878173;2,915220948;943,5483784;256,6475728;16,58537009;2,437382537;-5,593308724;4,170234369
67,20165396;5,108461743;2,931800374;876,8451751;254,2390651;16,9261033;2,533933695;-6,191400018;4,01942735
67,25269661;5,453812608;2,811328202;884,9977644;269,4889533;17,01969329;2,406257663;-5,140428107;4,096477176
67,5079099;6,310577959;2,838959758;1106,340608;295,936054;17,81565938;2,399441859;-5,287549916;4,132662335
67,71208052;6,318730355;2,864461732;1091,747615;292,2305265;17,54878976;2,450877293;-4,41825129;4,14465902
67,76312318;6,92140954;2,864527175;1205,720908;281,0210298;18,0940586;2,419754628;-3,777143565;4,129018539
68,01833646;6,909441148;2,869150335;1117,081875;297,1587552;18,40861299;2,467247407;-3,908421469;4,162174703
68,22250709;6,604450601;2,933733969;1217,225409;284,2467115;18,13953762;2,460396293;-4,501125434;4,267242078
68,3245924;6,28189884;2,846556622;1270,581582;280,1413308;17,74188396;2,437493823;-4,906170807;4,104420419
68,73293366;7,473878155;2,818009188;1290,963619;290,0140933;18,43945475;2,458874255;-3,548775455;3,943924464
68,78397631;7,642759686;2,735721976;1270,054792;295,3695708;18,5438035;2,427760115;-2,81445804;3,863148862
68,88606163;7,383904409;2,832779357;1234,289001;278,0247287;18,07167477;2,479217655;-2,700230832;3,937543684
69,0391896;8,577579922;2,944999269;1157,813534;306,9606948;18,87839159;2,595687686;-2,166622825;4,13014991
69,24336022;5,980908684;2,99467802;1009,724638;264,9661654;16,41980042;2,620986118;-3,484712683;4,039396182
69,29440288;7,171675752;3,127579326;1069,233199;278,21177;17,42607922;2,760612986;-2,471613581;4,192450624
69,34544554;6,947405475;3,054958713;1150,312842;271,6590328;17,21704928;2,721457642;-2,255906024;4,193091493
66,63457109;4,432882553;2,874491491;847,4826181;255,625328;16,41840493;2,694085786;-6,600732006;4,340046907
69,75378679;2,98566607;2,908335912;795,972867;239,6210811;15,81000015;2,535993822;-8,222193059;4,069023706
69,80482945;3,274480604;2,996980341;692,7065765;221,8431057;16,85583283;2,490850918;-9,282146851;4,258657489
70,06004273;3,343631831;3,151332523;692,0306014;223,9111348;17,25044005;2,673148827;-10,49090111;4,582031405
66,53836268;4,236260262;2,742346771;954,9815127;257,716132;16,49003517;2,494931095;-7,01272221;4,76730657
70,31525602;4,581839087;3,100738475;979,1395484;288,5953311;16,3688462;2,693408717;-6,349059217;4,578839823
70,77463993;6,314101643;2,921150195;1072,221936;263,3079147;17,10653749;2,560846276;-3,799177036;4,183453132
70,82568258;6,624260267;2,971736125;1031,213875;257,2267674;17,41534892;2,599643496;-3,41932213;4,065341992
71,08089587;3,956573866;2,949019436;898,177559;249,1598547;16,801292;2,472957122;-7,718304462;4,32631825
71,28506649;4,474421926;2,944379232;832,420064;242,7718081;16,39517373;2,497833019;-7,169463337;4,093901538
71,33610915;4,833671503;2,960986898;835,4587119;252,3898453;16,94067233;2,64041982;-7,056945676;4,003519714
71,48923712;3,898068254;2,920373809;822,1685909;228,9835783;16,57031225;2,482546731;-8,0392302;4,135810549
71,59132244;2,76070478;2,939346148;777,3893498;245,3508345;16,03732345;2,529281894;-9,674545691;4,100164911
68,30700484;1,515474512;2,829453318;726,7688047;230,2879632;15,75279671;2,540131222;-11,46546705;4,559012226
71,84653572;2,307618943;2,99849144;953,8082157;274,22676;14,5212189;2,61351748;-9,170635439;4,412149134
72,101749;2,491432424;3,026808775;972,7367146;272,6212488;14,79712361;2,58556018;-9,086113677;4,56384609
72,30591963;1,834622383;2,948383541;966,8620749;255,7255862;14,52221104;2,38099793;-9,864577136;4,47414162
68,10755673;1,336169439;2,815349599;907,1800779;230,8032248;14,76129437;2,400308843;-10,49007942;5,300810312
72,61217557;1,816990351;3,245833044;1083,969508;274,686497;14,58662103;2,50092795;-9,160663554;4,891299626
69,11187365;2,978662382;3,360266327;928,3426761;268,8966423;13,96072976;2,98575151;-7,292093243;5,213617542
69,87710945;2,8831675;3,345512447;1047,195893;261,6229006;15,10610563;2,894226931;-7,728769059;4,970609869
70,29015677;3,929378348;3,43000175;885,7383103;233,7440817;15,10701981;3,015218069;-5,37872748;5,105096912
69,33202965;2,263006375;2,965318337;838,4629771;227,4629917;14,99644141;2,718722612;-8,849031331;4,881026371
73,17364479;2,355828904;3,105254573;929,4871597;239,0946272;14,81154115;2,697929294;-8,521309527;4,250481591
73,22468745;3,11180451;3,071367772;845,3663697;240,3871862;15,28022176;2,663026417;-8,722212681;4,306733836
73,27573011;4,083539469;3,153842305;859,0339014;235,266214;15,55575232;2,692554581;-7,002276123;4,285195204
69,40993634;2,390164966;3,018326794;774,4551856;223,0598956;15,51435666;2,904089136;-10,23451521;4,705000516
69,93800141;2,852749025;3,027340611;849,5630332;233,7563618;15,08612967;2,672001034;-8,091245162;4,66368574
73,47990073;4,490493071;2,896508933;844,7747067;234,8664795;16,2839964;2,438870157;-6,928841974;4,152139551
73,63302871;4,540975779;2,979497064;927,8026016;243,7863907;16,15010477;2,501383656;-6,765170507;4,228803364
73,68407136;4,121291258;2,842876241;874,9486425;239,6263388;16,63506778;2,404300007;-7,910146421;4,094879006
73,73511402;4,28093331;2,942874261;914,4130804;246,1295813;16,482301;2,421713172;-7,634204193;4,289988956
73,78615668;4,49930215;2,909687045;939,7033735;247,8605999;16,67567813;2,457369668;-7,637251143;4,245326601
73,83719933;4,363300725;2,842604048;886,8630722;243,7694336;16,47818262;2,391835601;-7,296576419;4,154927241
73,88824199;3,762725359;2,912279843;832,4495443;259,2736961;16,85265222;2,458999664;-9,049568477;4,252645782
73,93928465;3,800768956;2,855475426;839,4397488;226,9630961;16,26724065;2,378390145;-7,836291837;4,171288502
73,9903273;4,167097786;2,909798022;921,8233157;249,7311309;15,77927507;2,427788557;-6,828697445;4,200334194
74,09241262;4,114494951;2,888059892;861,7241062;236,6127229;16,06596296;2,38086314;-7,128199356;4,21314361
74,14345527;4,152444801;2,966850316;858,6680486;256,4185622;15,83977476;2,581077763;-6,486653625;4,126053293
74,19449793;4,004064519;3,035452583;829,7357845;227,3267951;16,31629837;2,550078623;-7,737000724;4,358698547
74,24554059;4,056014932;2,870363807;800,8936234;228,4403788;16,2908143;2,466697549;-7,440745638;4,146977221
70,29460491;2,612962107;2,776469181;815,9986572;224,1259795;16,06363883;2,456961613;-9,891330414;4,634714864
74,39866856;4,226217232;2,988015003;822,2375837;226,1084357;16,79903199;2,450121958;-8,148316347;4,271555497
74,44971121;3,667531378;2,851857214;899,9531585;237,7347222;16,03490632;2,401723891;-7,951050308;4,144352231
74,50075387;3,540995825;2,808151022;818,4938241;227,624735;16,44911012;2,382677047;-9,063047724;4,245032687
74,55179653;3,828879105;2,840641715;905,4165187;247,2027989;16,22188581;2,39248492;-8,13886688;4,224810727
74,60283918;3,917552779;2,878347874;828,7803562;244,1133084;16,7537272;2,461280699;-8,723477429;4,258306675
74,65388184;4,501592063;2,903814514;944,4688456;243,0796859;16,68272036;2,438606907;-7,310690391;4,266586334
74,7049245;3,771825751;3,058507682;818,7919808;243,7349925;16,86412227;2,522325863;-9,266802078;4,493165168
74,75596715;3,761652733;2,860331495;868,0328914;238,162823;16,77490308;2,364855368;-9,468995428;4,231513366
74,80700981;3,669169508;3,021638713;907,3628433;249,2321076;16,65327805;2,363628739;-9,042726143;4,717698342
70,55394326;2,574906155;2,827019602;797,5195166;235,46556;16,77566289;2,508355054;-10,92005121;4,714710918
74,90909512;3,931265138;3,056504715;942,3889705;252,1727529;16,58377854;2,460752291;-8,528662344;4,643918085
74,96013778;5,141706581;2,835183846;955,9443444;248,7108422;17,11251955;2,404816379;-6,374653732;4,128201682
75,01118044;4,028392488;2,897539693;916,7914712;241,7212805;16,57754747;2,3812943;-8,541779707;4,343013495
75,06222309;3,844993851;2,846301553;1006,566696;258,9856243;17,06928342;2,330744414;-9,662419192;4,292135308
75,11326575;4,661063823;2,897806401;939,0004646;232,5733404;16,83930284;2,338352938;-7,42189486;4,400222021
75,16430841;3,93100698;2,864678363;1037,037196;248,9787751;16,89558799;2,299392976;-9,562015607;4,38297827
75,21535106;4,8068277;2,88504073;1017,416833;269,1523818;17,15081192;2,287866035;-7,782107974;4,520208776
75,36847903;4,685569329;2,86460665;919,6291167;257,669157;17,05577815;2,246958907;-8,12835675;4,556778349
75,67473497;5,156319161;2,985810939;1051,055938;258,3793812;17,58037222;2,327929006;-7,305423133;4,620845517
75,8789056;6,04377466;2,999359739;1100,567612;283,6294902;18,18724407;2,441755644;-6,589189495;4,621542729
75,92994826;6,029039514;2,901864189;1184,367974;292,6258087;17,86276443;2,374973363;-5,588394431;4,475438847
76,08307623;9,6954372;3,054462424;1157,366307;299,1777085;20,77776602;2,525651968;-1,678260047;4,387417731
76,18516154;7,929297567;3,184794286;1275,010734;315,7389336;19,06682073;2,623246233;-4,172550564;4,787117306
76,38933217;6,966821038;3,109226996;1214,203415;287,7862858;18,73011423;2,515596648;-5,327344229;4,551319709
76,44037483;8,562952607;3,141050257;1268,963009;316,8072056;19,7798356;2,64585762;-2,331149598;4,463074874
76,49141748;7,502320177;3,103942017;1188,287193;293,2989189;18,69094064;2,549344122;-3,551065466;4,498078247
76,54246014;8,257144338;3,189717956;1232,386589;318,9476279;19,6369955;2,676547379;-2,88455767;4,570953783
76,64454545;8,402151641;3,267357702;1286,930208;321,0607258;19,30914847;2,6756778;-3,771998918;4,796932675
76,69558811;8,330586789;3,151418089;1233,258356;318,3835117;19,3853193;2,641736769;-3,079349839;4,538583442
76,89975874;7,432274867;3,04287342;1252,908605;305,8559414;18,93250946;2,580764903;-4,687291455;4,379985775
76,95080139;9,7832856;3,030815385;1203,301519;306,0630117;20,80663505;2,533069245;-0,944762413;4,336715224
77,20601468;9,239085194;3,001462329;1147,344478;291,2239078;20,39530076;2,516747473;-1,615991587;4,301294248
77,4101853;8,520469499;3,019171724;1143,659984;291,0235787;19,15774564;2,583338918;-1,905967543;4,269737986
77,46122796;8,323307571;3,120907057;1124,843384;313,6758131;19,76902297;2,564993275;-2,955659944;4,579451718
77,71644124;9,017054016;3,20874091;1211,54302;324,4385973;20,38970341;2,65482776;-2,497444985;4,633940559
77,92061187;8,203427599;3,005666777;1133,052815;285,3942646;18,86304919;2,506166407;-2,059749983;4,345281103
77,97165453;10,17731818;3,027766475;1171,745635;299,4887885;20,6504895;2,598996166;-0,498637313;4,198554034
78,22686781;9,512987368;3,143686537;1148,54358;311,0439205;20,42223952;2,677846584;-0,993875469;4,448857181
78,43103844;8,68428748;2,99275218;1163,824472;316,8259186;19,72999143;2,490902087;-1,728169523;4,314380134
78,4820811;9,179678025;3,041396248;1197,223171;317,3329312;19,33720168;2,675463015;-1,060072993;4,217106566
78,73729438;9,471303942;3,004080736;1185,932972;321,2111997;20,04661867;2,591984346;-0,832779598;4,207699292
78,94146501;9,654750006;3,001364554;1080,385296;293,3207666;19,76192986;2,555851862;-0,723120414;4,188898486
78,99250766;10,86929467;3,00704753;1205,286522;303,6751522;21,32338424;2,59950427;0,244081909;4,115210594
79,24772095;8,473672466;3,017848738;1211,588836;299,2185659;19,00120595;2,617787999;-1,862223536;4,241137517
79,45189157;10,97910846;2,956568031;1269,027342;316,8433386;21,1738048;2,483568975;0,767164705;4,11093444
79,50293423;10,79771689;2,956337476;1288,142882;310,8622475;21,23789158;2,576594311;0,217340324;4,038746775
79,75814751;8,88281882;3,092576885;1190,448932;318,7233787;19,4753625;2,647112838;-1,422479628;4,308858474
79,96231814;10,66587435;2,9886302;1259,485741;298,7527475;21,12643478;2,554003591;0,307059997;4,145295516
80,0133608;10,75070839;2,977166719;1214,335117;306,1367595;21,10198029;2,561286561;0,427133353;4,089538459
80,26857408;9,402678221;3,216149451;1201,958122;319,8753485;20,04561638;2,738334615;-1,154701429;4,475190168
80,47274471;10,27288047;2,951199592;1265,791705;312,5766076;20,47691279;2,557738462;-0,382211525;4,052203898
80,52378737;10,3086489;2,909393835;1196,881057;301,3650315;20,76351967;2,454570075;0,040253591;4,077207516
80,77900065;9,838994607;3,05715985;1181,199732;307,8492586;20,71886058;2,623314017;0,030475411;4,301521735
80,98317128;9,66659266;2,987912312;1332,654563;291,9490695;19,56654232;2,816155566;-0,120163909;4,051356529
81,03421393;9,269860816;3,021989807;1269,110796;279,3122758;19,28834468;2,745458183;-0,749608129;4,081166281
81,5446405;9,339945197;2,779524803;1080,892636;268,4399302;18,5583248;2,586503583;0,930465182;3,849064364
81,79985378;8,273429068;2,962105972;1141,331474;284,6109331;17,7783634;2,732398601;-0,914630652;4,166515936
82,00402441;8,733976032;2,909952597;1101,784128;279,3108955;18,3217357;2,675731184;-0,293507773;4,067080765
82,05506707;8,264264055;2,892233547;1194,431011;289,023053;17,30734243;2,715688731;-0,936986771;4,044558567
81,81809075;8,685768541;2,839399091;1159,658283;267,037496;17,45856195;2,664190985;0,296275148;3,903230232
82,51445098;8,678009395;2,906670028;1139,422431;277,6870234;18,1467378;2,757438892;0,412918601;3,920336222
82,56549364;8,222082812;2,89856726;1146,222396;286,2110489;17,80611125;2,788916062;-0,836706088;4,005917753
82,42599903;8,402136184;2,891879388;1164,105582;280,7201502;17,39491805;2,796912277;0,143220021;3,939946823
83,0759202;8,597789838;3,125230066;1196,689542;291,9346413;17,96806517;2,767001334;-0,77911835;4,323285559
83,12696286;8,807170727;2,934358606;1145,440579;280,6643325;18,19180614;2,717830835;0,180498682;4,002969368
83,33113349;8,352970235;3,041178843;1171,848429;277,611802;17,42904488;2,751184182;0,346262795;4,058708999
83,53530411;8,636513179;2,871886519;1187,140914;279,7358802;17,98656242;2,701768594;0,347154184;3,908496754
83,58634677;8,555545072;2,89907908;1191,357791;285,1573458;17,05677053;2,654270874;0,266614168;3,942723226
83,84156005;8,903067901;2,910207361;1181,432265;280,2731266;17,36456751;2,693780749;0,398137097;3,979014828
84,04573068;8,186277724;2,917420142;1106,243714;284,6666158;17,95748244;2,799854053;-0,576718689;4,01477497
84,35198662;9,064289752;2,869236791;1177,722767;290,2675613;17,80927282;2,796101913;0,717415643;3,763543674
84,55615725;9,235897778;2,894295121;1175,992139;285,5256045;18,66976232;2,806412237;1,203852055;3,71225542
84,60719991;9,187061983;2,846319795;1170,353511;288,1991889;18,46602881;2,778366042;1,422928807;3,669277706
84,86241319;9,044751514;2,835774689;1170,482386;277,9143078;17,87401357;2,832010049;1,172361076;3,645323534
85,06658382;9,184173516;2,885806862;1125,239264;287,35795;18,6056502;2,833652036;1,148934218;3,713193731
85,11762647;8,970200283;2,920144372;1156,282591;279,0200862;18,23388291;2,824956506;1,117620249;3,743146981
85,37283976;10,15451531;2,921928977;1176,983102;277,7467931;18,90148017;2,711327873;2,167774137;3,897949149
85,57701038;9,560910784;2,849816013;1145,221351;273,2353528;18,09068857;2,783532937;1,467206646;3,677015424
85,62805304;10,53634648;2,777388189;1091,844735;259,9791359;18,94427975;2,72838756;2,311095507;3,560551434
85,78118101;10,03875989;2,810039127;1098,230963;259,4173885;18,40757199;2,660552724;2,132569732;3,662347375
85,88326632;8,621517174;2,818733322;998,004281;257,7977642;18,27353575;2,747025202;0,495691047;3,821151662
86,13847961;8,058077691;2,943325753;885,155555;336,2333151;19,98492591;2,716055796;-2,306301501;4,240770625
86,39369289;5,907765768;3,121446451;990,8503567;298,9725639;18,33511061;2,717380669;-5,9365824;4,561998374
86,64890618;4,229885368;3,012230508;955,1355705;281,6477472;18,40902227;2,516966427;-10,00942103;4,415978262
86,90411946;4,423186976;3,027037466;793,1327443;244,7733303;18,44495;2,658610317;-9,800774204;4,179301949
87,15933274;1,398841801;3,077780202;783,9933731;256,0683736;15,62204362;2,758389783;-11,96256257;4,924939109
82,62097641;0,562271684;2,840930548;664,3885226;216,9946805;15,01573722;2,587640987;-12,88893241;5,146265399
84,49365326;2,748720809;3,224201603;836,033848;253,851163;14,69469726;3,13720816;-7,803847368;4,599688493
84,71955975;1,078238105;3,166298605;919,2511385;261,0635403;13,42227279;2,963102157;-9,713639143;4,526400992
86,05586605;3,099686411;3,365588181;967,8990847;248,1059475;15,18533553;2,835114988;-6,196101705;4,811424913
84,13289979;1,744059339;3,500586568;883,8893822;241,6512708;13,64641564;3,216538562;-8,980857172;5,213006061
86,07770581;1,761642784;3,765981858;843,2149787;236,5796179;13,93693197;2,964185009;-8,002213402;5,315195803
85,61371715;1,376975316;3,359753041;912,6839758;261,6510258;13,62800816;3,146703559;-9,086713933;4,925425291
85,28027848;0,963931607;3,332765309;863,0688228;244,8485623;14,54162362;3,102807956;-10,4152388;4,959464666
86,48375685;3,621821749;3,449314199;781,0427003;236,4975101;15,9637031;2,931683629;-8,322697817;5,211385384
87,44278766;5,329403565;3,545395603;938,7797076;248,7131592;15,88643704;3,125401085;-4,355286984;4,923240915
88,24278684;3,834817313;3,570760981;977,3472889;257,479072;15,24624241;3,056807265;-5,731059413;4,915982491
88,52530899;5,169036195;3,487241256;771,4527035;237,58231;16,72547889;2,914626646;-5,707790877;5,098572027
89,91064238;3,215619197;4,166901314;993,7047171;262,3792149;14,99692658;3,336499998;-5,958239327;5,340359335
88,04668277;2,412484773;3,873449726;903,4186467;255,5442032;14,95436237;3,159695679;-7,785708038;5,501740738
88,2020167;4,090593146;4,061344065;891,5812727;244,2374492;14,99265875;3,286303539;-4,746864974;6,105751819
89,48341136;3,024953539;3,77933798;838,4862969;241,6687483;14,15039537;3,123334745;-6,737331767;5,039832603