Age;pred.fit...1.;pred.SEP.boot...1.;pred.fit...1..1;pred.SEP.boot...1..1;pred.fit...1..2;pred.SEP.boot...1..2;pred.fit...1..3;pred.SEP.boot...1..3
1814,325939;8,94238839;3,61898579;1129,080097;299,1244041;18,21721203;3,057174471;0,279892488;5,176431619
1926,580802;9,39289424;3,63733737;1139,006157;311,4375291;18,30523131;3,060673951;1,080025744;5,258661771
2005,860327;9,42789769;3,627350398;1137,515407;310,2990089;18,21166562;3,043440814;1,345543379;5,257819357
2120,757228;9,388719732;3,620420104;1133,698072;310,2110974;18,20904025;3,039749972;1,281363452;5,248437912
2213,634909;9,694416043;3,596146625;1141,770319;311,2135018;18,3881101;3,032850459;1,699692887;5,207406059
2290,969689;9,631963384;3,569273424;1139,237207;309,4914275;18,38366905;3,036368399;1,674217793;5,193917059
2320,451688;9,488531882;3,501212461;1053,144118;296,0026537;19,01717251;3,076637984;1,231604973;5,169861094
2441,492238;8,883378274;3,529634073;1082,887167;303,075057;18,19889164;3,08422898;0,598689907;5,23302708
2580,060981;9,825730925;3,630472199;1144,522785;312,2455321;18,46984305;3,078112533;1,878371912;5,311447303
2625,882917;9,48907148;3,584055884;1119,005546;301,850547;19,82215566;3,102744506;4,373476111;5,267535111
2734,869942;9,84478712;3,573083274;1068,316139;306,6031724;19,50319137;3,110089829;2,974862963;5,281774639
2865,33406;9,95755474;3,637721615;1166,047289;321,6788293;18,97279358;3,08745848;3,353053869;5,320969964
2948,721756;9,43204271;3,586839123;1156,33577;318,1490087;18,81278011;3,080987349;2,612560491;5,251360824
2998,523026;9,7175782;3,511423184;1124,75646;309,7459281;19,41263564;3,08470258;2,866380762;5,189355877
3144,338045;8,64410616;3,581077309;1135,480754;320,6174578;18,91122079;3,071975214;2,8264881;5,274656775
3259,883682;9,34808303;3,609869762;1147,873514;330,2999949;19,36240503;3,082742348;3,401375954;5,29885038
3344,256728;9,4588345;3,613564231;1143,446119;336,1535827;19,87860771;3,101796375;2,8531054;5,309935925
3449,131951;9,70971038;3,608967516;1145,096616;336,5250641;19,89840214;3,103603407;3,285795262;5,27775981
3549,009284;10,47818552;3,579957355;1215,889768;335,3818238;20,30782903;3,08663807;4,409800555;5,178377165
3607,834637;9,71958276;3,507737109;1168,878231;325,5978364;19,93762097;3,110178928;3,744435529;5,112084197
3754,758336;9,97153844;3,614239107;1144,295459;335,6210187;19,89717482;3,104898567;3,745661242;5,25331439
3866,138283;9,60468677;3,653610013;1128,026011;335,156255;19,37461727;3,122357977;3,634199523;5,314116702
3858,889962;9,08176005;3,518255147;1100,546528;314,9369195;19,51355268;3,118397406;3,328796273;5,233654107
4067,715458;9,75152486;3,653162648;1162,922026;328,5214944;19,27320861;3,084201386;4,177105192;5,322521931
4148,935387;10,23708506;3,694550386;1176,598131;333,128554;19,66368747;3,108635198;4,565837734;5,426941918
4270,578359;8,5640559;3,600110686;1166,387158;322,0800805;19,21449849;3,081416836;1,900695858;5,18798578
4370,877736;10,20612779;3,626595521;1215,751292;327,9257911;19,74028872;3,085185329;4,56591302;5,260562079
4476,263758;10,03580732;3,639347773;1190,69269;332,3015322;19,46465952;3,121528735;4,502872481;5,286781038
4584,470568;9,06948123;3,542748644;1173,337467;327,2840025;19,36934494;3,063017776;2,750781274;5,085772676
4596,728576;9,14794095;3,449366783;1136,404704;319,5003504;19,83197042;3,090941214;3,012886254;5,109299084
4762,611428;9,73717178;3,531854324;1199,89276;326,6215708;19,63807387;3,046652424;3,844134497;5,100804209
4880,170875;10,35741655;3,536305635;1199,506185;336,7898634;20,33495363;3,087809522;4,154845895;5,122998932
4981,699488;10,55894785;3,536191957;1208,268867;339,0243008;20,50830105;3,09457411;4,347386041;5,136844054
5082,636572;10,60863785;3,530783871;1208,938994;339,2960351;20,65305;3,089939145;4,292448789;5,134778904
5178,863655;10,5520489;3,519181837;1194,26687;339,549766;20,72821252;3,084010686;4,059377293;5,115770689
5291,459455;10,70400563;3,510248859;1205,181295;341,3976862;20,88494213;3,086230422;4,184663975;5,108465633
5387,834166;10,69816414;3,505635968;1199,357838;341,8782152;20,93256851;3,086893763;4,110024671;5,101356133
5456,491621;10,07533962;3,512605406;1194,181086;334,908321;20,50992069;3,085938147;3,506001273;5,137045508
5575,684409;9,68928883;3,490258306;1172,459784;329,4316783;20,42524464;3,06958906;2,869315675;5,056583768
5679,191364;10,03936031;3,504829539;1197,841911;341,63019;20,71638214;3,08196434;3,108495012;5,129660618
5777,240875;9,92196076;3,504129018;1205,836691;346,1504744;20,88003421;3,102122539;2,758955238;5,143274702
5895,578898;9,90309563;3,510244267;1221,148138;354,0956049;21,2942898;3,133525631;2,37625181;5,177226809
5975,679393;9,64508111;3,559690174;1238,942304;359,9840229;21,3005729;3,202313675;2,017466626;5,243268975
6093,474509;9,69596337;3,556542565;1241,917213;360,6386863;21,30231264;3,205821994;2,10661451;5,237635398
6178,290845;9,60028391;3,537693791;1237,121039;352,1843893;20,92331422;3,175205579;2,320925895;5,166990489
6260,698183;9,95988181;3,533104593;1220,8019;352,0456736;21,29466033;3,200934777;2,704694069;5,218303147
6387,02457;9,26258287;3,563585503;1265,2731;361,6207457;20,85926985;3,217053007;1,728851583;5,257432201
6507,902558;10,23984675;3,5999626;1309,342028;373,3984655;21,53584521;3,274317385;2,812462275;5,346549728
6595,813822;10,19362676;3,601941382;1313,97497;374,4220561;21,48760457;3,275762011;2,762962531;5,356610269
6694,233661;9,91971631;3,619742318;1313,984912;375,1451436;21,26103895;3,276047408;2,474391183;5,395368028
6816,658045;9,64427365;3,569731503;1337,937851;359,5177128;20,7149304;3,202242533;2,779417011;5,204349368
6932,961209;9,20377901;3,615479906;1332,580753;364,9645271;20,47214328;3,254814779;2,10258745;5,334797776
7032,200561;9,04796662;3,644540274;1284,450259;382,0456836;20,87744613;3,293984448;1,186347151;5,493980944
7169,067122;9,35337777;3,610234635;1262,809022;361,9866039;20,8468878;3,188806003;1,896224799;5,358104241
7144,156661;11,11294993;3,459684815;1219,805517;335,6921956;20,4990868;3,15275746;2,210877121;5,13692661
7273,661743;9,598994438;3,49208846;1194,977065;348,6712427;19,81058392;3,224981965;0,077052359;5,307163585
7547,374278;9,648284372;3,580889723;1282,925196;359,4213723;19,47803369;3,193516705;0,294487839;5,288346867
7691,799371;10,17483468;3,592824578;1317,604762;362,3436587;19,76660434;3,20387216;1,127682729;5,323189192
7824,044832;10,47792535;3,56147588;1214,837232;340,3912628;19,93558522;3,146191998;1,262190453;5,116023067
7994,650773;11,06806199;3,593537519;1370,427199;359,9705642;19,88187979;3,185596932;2,860844283;5,310522512
8110,937867;10,93834622;3,609836203;1396,904848;344,3392027;19,60918193;3,186054088;2,830940138;5,194798906
8253,930686;9,81883836;3,646424724;1277,597381;344,0146265;19,54314639;3,147821956;0,667913897;5,310739715
8382,456391;11,71199211;3,67511376;1390,765656;341,5516916;19,89712827;3,174851618;4,134760942;5,298176602
8270,271466;10,12097086;3,502862841;1288,686659;335,6539034;19,43096808;3,226524424;2,065199088;5,369448978
8457,734416;9,825971186;3,448076357;1168,648412;331,1018236;19,93314218;3,14673973;0,99002886;5,22304995
8818,255848;9,119023899;3,570998699;1297,994715;347,2822266;18,78172927;3,10629569;0,256312995;5,210364421
8889,654743;10,57087498;3,543183184;1271,280321;335,1486854;19,72768573;3,085933525;2,480194724;5,144904591
9095,5057;8,618097974;3,608945883;1238,504549;341,8248687;18,78901561;3,111009519;-0,761931817;5,251139873
9228,622763;8,849702578;3,618426726;1260,284159;328,6356331;18,44547751;3,111061269;0,192163505;5,221599663
9113,874243;9,222048759;3,472743912;1143,848828;316,9718347;19,31998068;3,133578244;0,572247892;5,192137015
9375,293073;8,184099069;3,386067673;1072,845983;312,1309342;18,22735793;3,041990259;-0,436463681;4,980748539
9442,728663;6,776777498;3,402950876;793,021624;281,0997164;18,50713147;2,973803105;-4,195706026;4,991269573
9434,882674;4,313332082;3,416096133;685,2259539;273,7078203;17,5978473;2,969161271;-7,912712389;5,152417175
9526,53567;6,236248159;3,446024905;814,7892432;272,753464;18,03838517;3,005034406;-4,401944295;5,231582749
9732,719659;5,149903904;3,560471563;734,9498712;270,3979774;17,29999398;3,07920058;-5,614963699;5,322317425
9940,184608;4,701862222;3,544539772;714,7761942;270,6901722;17,55487998;3,032056905;-7,363231554;5,31252576
9876,563582;5,233620479;3,54652063;630,9818927;262,907891;18,45880813;3,06359348;-6,735865384;5,373227132
9851,817502;5,488553566;3,579040131;617,9777367;258,2535312;18,46768594;3,13360213;-5,47894293;5,441583456
10060,55049;5,883432754;3,513982973;616,8040533;260,0122082;18,95218772;3,073623484;-5,663476044;5,353417314
10189,64933;5,869165408;3,497883854;602,0296567;260,5823585;19,01904566;3,063264842;-5,735897677;5,317096272
10299,19494;5,905525376;3,494882972;597,629374;260,1345591;19,07346563;3,063738174;-5,678166974;5,31923165
10455,20231;6,173621669;3,494653892;595,1622862;260,4845071;19,24446759;3,062500045;-5,324924376;5,293368291
10543,80055;5,981769328;3,500053655;572,1908548;259,2428264;19,27849863;3,069239239;-5,695530976;5,326312094
10689,90731;6,414361171;3,490549256;573,6703583;259,39469;19,55199004;3,061868697;-5,035388564;5,269916303
10861,25988;6,963495266;3,490435581;544,5212545;260,7158303;20,05870775;3,060750516;-4,493338041;5,218094313
10951,20399;7,004487277;3,482045174;541,5593076;260,2542352;20,10858573;3,059159856;-4,404589357;5,213201797
11005,71272;7,020355417;3,473245525;504,5942992;259,3980592;20,38676639;3,067637066;-4,527371429;5,225632169
11106,76633;7,201692922;3,47669878;480,0109708;258,2817468;20,63931104;3,062843071;-4,206106649;5,212439994
11230,02202;7,222885407;3,470206593;475,5613607;257,9071667;20,68555105;3,062478596;-4,169575034;5,208856415
11352,72247;7,243105721;3,463753438;471,1958144;257,5499999;20,73051439;3,062090574;-4,135113008;5,205120856
11476,36708;7,346526703;3,464304615;466,9472376;257,5094656;20,8030048;3,052257873;-3,977120256;5,178626268
11590,30819;6,706273757;3,4984682;486,6270465;258,5789256;20,25413816;3,092730155;-4,657637067;5,230972809
11743,9569;6,898036184;3,505357725;526,3531674;256,6282565;20,05175859;3,087588001;-3,991209461;5,24880755
11830,19857;7,490391678;3,48318466;474,6150589;255,2922023;20,87884443;3,064151461;-3,66614482;5,227293933
12059,33566;7,124676551;3,485270858;472,924911;258,0541312;20,60266246;3,049134541;-4,283132192;5,201704155
12166,95187;7,027414796;3,513805974;438,7238705;256,6131045;20,75621908;3,064178912;-4,58013465;5,263272759
12532,85353;6,352501501;3,536058159;460,1073927;262,2828929;20,13037291;3,035196833;-5,732614281;5,230185526
12802,11224;6,470207992;3,529656373;493,3515094;264,8588029;19,95614536;3,005873062;-5,528373338;5,190445527
13029,88673;6,39987771;3,534014558;506,6963291;266,0553274;19,81605958;2,999290001;-5,617521162;5,179785567
13210,88359;6,716916099;3,56223831;553,7089839;267,0900003;19,56054579;3,019801349;-4,579348401;5,196390569
13448,98803;6,740460888;3,568786746;574,1544595;269,3194406;19,39287391;3,025254767;-4,391029288;5,184995948
13611,52697;5,162052335;3,613774532;612,0252889;268,4665516;18,18628433;3,087965491;-6,436961596;5,283576251
13576,29102;6,035590167;3,56738327;635,3264194;264,3181514;18,66657781;3,082244299;-4,792185902;5,298852039
13817,50088;5,995648371;3,605573178;675,8065674;265,674411;18,52483886;3,105411693;-5,032466952;5,33377588
13978,44465;4,593500661;3,665393479;675,236202;263,7719715;17,50084306;3,133532419;-6,769080168;5,461700756
14472,39478;5,917329589;3,655453644;548,3715174;270,844278;19,04956343;3,103329789;-6,351896761;5,348732218
14585,93233;4,870935733;3,71019081;520,6312835;269,3827298;18,65912859;3,17764247;-8,242811095;5,409275103
14346,75672;5,837063945;3,5924819;644,6412988;258,1760857;18,61886524;3,13262598;-5,237084907;5,39388172
14752,17963;6,83467926;3,577698631;566,1079845;264,7698102;19,71032875;3,075965184;-4,983519279;5,276931528
15108,13924;4,679410787;3,65594946;583,8424952;269,5591094;18,1593723;3,155424673;-7,897981452;5,322725346
14850,74574;4,323138403;3,619357392;612,2470746;259,987903;17,68543649;3,151799469;-7,134619287;5,431717987
15311,2887;4,413324565;3,690510106;606,7190041;264,3708311;17,67535358;3,174143305;-7,378358851;5,426831918
15502,7524;4,205280381;3,671011679;596,1167399;265,8061609;17,60806563;3,163935055;-7,844296655;5,377562023
15828,76324;4,575473309;3,637399086;602,5468698;268,6054752;17,95404014;3,144392906;-7,789396234;5,290067765
15996,54021;4,555162064;3,634272617;605,8957806;268,6053033;17,91537922;3,144102769;-7,778021921;5,283593802
16193,89103;4,523174312;3,630095599;612,575255;268,6766197;17,84871816;3,141076311;-7,760890498;5,274124991
16249,75277;6,062131984;3,572165781;647,185554;264,9839161;18,62827723;3,107157406;-5,135534271;5,1736046
16845,64512;4,059754088;3,628200231;666,7665891;275,3266513;17,18649091;3,116805564;-8,456967884;5,188563808
16929,73638;3,679061549;3,575978788;694,8556491;272,8294995;16,879527;3,061773952;-8,737462414;5,167037686
16540,38863;4,171528296;3,569983685;602,3269634;263,6489427;17,76270294;3,079509342;-7,795059417;5,290013537
17301,63141;5,850758123;3,530854179;654,3885459;271,220868;18,53398858;2,98602909;-5,852139274;5,072305118
17593,32839;4,462845942;3,61536457;656,6569256;274,9362912;17,52763506;3,086522101;-7,988123684;5,194180782
17400,74793;6,436254444;3,520713441;601,7780491;268,4345734;19,22630394;3,010823389;-4,984371961;5,118819903
17771,47637;5,874352831;3,560949575;600,3509338;269,4744836;18,75014541;3,018644449;-5,845353012;5,156105785
17662,70125;5,58873716;3,60205267;618,2957712;265,4033466;18,60547344;3,120993032;-6,234572386;5,279343436
17556,60719;7,730275421;3,55840376;606,3052921;261,5816113;19,99913836;3,092296694;-2,644620712;5,223545344
18038,50882;7,155418878;3,59286767;623,7818244;263,8877176;19,49828943;3,053377469;-3,872629474;5,213164227
18204,12232;4,071835761;3,667064219;706,2589155;269,7591584;17,03493674;3,166888402;-7,814044706;5,386214122
18057,02502;6,566429459;3,540360115;626,3794119;264,0925712;19,30601739;3,091128595;-4,535224768;5,269920697
18744,83688;5,655143579;3,498992457;608,4033782;271,1668856;18,65004605;2,99539899;-6,516459134;5,092728889
18657,73471;3,647380344;3,483012492;543,1119226;271,8670709;17,88236494;3,04659736;-9,888889015;5,149730031
18594,44634;5,471070334;3,437171676;616,5118158;270,8329592;18,66623635;3,028386708;-6,518574574;5,103565079
18969,30635;5,577468376;3,468560975;508,4243485;271,7072262;19,35262462;3,005249767;-7,354978443;5,112102288
19180,05052;5,210835887;3,479480772;497,861492;272,2837311;19,15181526;3,006211056;-7,932530275;5,120242608
19455,19422;5,175616144;3,490002623;515,1833475;272,6096304;18,99423517;3,000002851;-7,952359094;5,11171813
19778,73539;5,045503495;3,505971354;563,5472094;273,4144661;18,58872225;2,98953144;-7,863905216;5,102101953
19907,78056;5,04954905;3,524341484;562,9303143;273,1093357;18,59729645;2,999055739;-7,863291777;5,129949223
20051,30562;5,05569627;3,537295259;563,2226017;272,8244062;18,60013068;3,006028253;-7,84461698;5,150088245
20217,1429;5,057225375;3,552388018;560,6633448;272,5689089;18,6173872;3,014804599;-7,861529977;5,172924692
20262,16672;4,086415146;3,560174783;570,8328468;270,4526696;17,97879426;3,02860279;-9,10298864;5,264039946
20033,36464;5,847541007;3,565818982;609,1383394;264,5736986;18,79613714;3,070216625;-5,697461968;5,230606171
20605,77125;5,6834713;3,533605994;545,9338431;270,7908555;19,08953779;2,988359744;-6,784506308;5,136248719
20478,74295;4,865028325;3,429789201;627,5473694;270,9723153;18,24779069;3,001012292;-7,802501888;5,136102891
20145,40673;5,608808959;3,588760137;543,8300619;262,6757554;18,93806331;3,161652461;-6,144488357;5,376493406
20992,61713;6,11724832;3,579515921;493,3511417;269,7315809;19,71788906;3,054422518;-6,833521546;5,251428291
21068,28373;6,046721526;3,6642122;454,2398699;268,3193426;19,91030131;3,112265262;-7,21742142;5,386935341
20809,3221;3,55373476;3,909412984;545,1602641;262,846851;17,51741908;3,360088053;-9,082869888;5,842703526
21005,28769;4,376972245;3,748049161;515,4818541;261,4280151;18,43061454;3,191547956;-8,520377047;5,672069604
20984,60993;5,376975773;3,708598427;511,220423;257,9456903;19,38686547;3,171773339;-7,345978278;5,652564307
21112,72114;4,632051936;3,677594768;679,1115766;258,0462422;17,59890186;3,18013455;-6,547511351;5,5782666
21511,4082;5,494782162;3,534074494;497,6067134;265,5736765;19,36876312;3,054321088;-7,366767143;5,30915011
21577,55331;5,494186296;3,44662448;527,2825744;265,207537;19,27114152;3,034026051;-7,157872202;5,16951173
21582,66964;4,585434122;3,554822309;565,5612644;263,8003663;18,1251821;3,101698672;-7,276635444;5,369906618
22014,87922;6,437376886;3,500911835;511,4036805;266,4851301;19,83337346;3,044727035;-5,816368105;5,188076306
22102,74028;6,217655908;3,503664819;486,9313115;266,7811838;19,85887746;3,049036851;-6,209824437;5,201023485
22334,6656;6,211660016;3,511297888;496,0627695;266,7630336;19,77740589;3,04697233;-6,216435572;5,196978096
22401,32847;6,116788487;3,513427693;472,9116861;266,1392371;19,89955772;3,052029373;-6,469096407;5,226474776
22632,78106;5,583434431;3,523833139;458,6070679;267,3724272;19,65231216;3,049589556;-7,44915145;5,234925646
22788,77833;5,583319014;3,535047603;457,6852864;267,1483344;19,65889195;3,055635071;-7,455102908;5,251814993
23167,42905;5,797567904;3,549869989;508,6603078;268,2301602;19,38684223;3,048496841;-6,818988054;5,243245161
23168,30093;5,927412976;3,587698302;528,3457587;264,4743673;19,42151508;3,087738848;-6,271294708;5,270475169
23167,60628;6,178213215;3,591898742;531,6387746;261,4954583;19,59627986;3,106231856;-5,696534261;5,305112421
23367,63772;6,13081494;3,63987497;531,8799873;261,0035035;19,55313359;3,136052696;-5,707200183;5,340162294
23587,50364;6,338361623;3,616033755;564,3009083;262,4158603;19,46438138;3,12494298;-5,237324666;5,288186559
23517,66817;6,358595975;3,681647088;593,8432764;259,970791;19,07725895;3,207105939;-4,445806128;5,419598724
23769,19488;6,181106254;3,754483098;521,6788882;257,9319472;19,60616841;3,22642093;-5,553993183;5,502469827
23940,06029;6,083948179;3,840540746;501,543509;256,5432878;19,62354575;3,269753214;-5,766634234;5,622366658
23847,32415;6,014265726;4,178539452;412,6385198;245,1365311;19,97203627;3,459225443;-5,894789354;6,135177028
24054,13334;5,999001276;4,175136304;406,0478081;245,1886145;19,98897284;3,460455034;-5,964436934;6,128784995
24153,65895;6,62955214;4,149252187;427,182895;244,4107835;20,28758647;3,448409709;-4,979041634;6,091503894
23973,88821;7,272375302;4,049900876;434,2183427;240,6165712;20,60727472;3,428913001;-3,809835433;5,997934259
24273,18349;7,670856255;4,030197235;473,3900459;241,3842103;20,67285805;3,419658151;-3,254232638;5,946929158
24287,08245;7,945349236;4,004098052;471,2776469;239,7960213;20,89272534;3,415142698;-2,798393775;5,934031553
24330,35092;7,549030567;3,983786208;520,9373084;239,6095676;20,34548779;3,427719016;-2,650523801;5,924230742
24674,20139;8,110647487;4,013452841;498,0137813;240,0232245;20,86942008;3,404791976;-2,463250552;5,924412198
25203,71281;6,939286093;3,830823151;514,8927827;250,8381314;20,08620773;3,274077874;-4,275762644;5,627598802
25356,5685;6,501160824;3,767233809;550,1568346;251,8393802;19,45671977;3,209090435;-4,09516012;5,490491604
26342,81817;5,914510244;3,713244654;581,3859828;263,7783887;18,98595522;3,153583344;-5,634398968;5,333031612
27188,27846;4,677919276;3,67836596;707,9099525;274,9296567;17,43101884;3,139607192;-7,214119586;5,227806266
26679,51718;6,384495296;3,598429636;673,0224125;267,3279797;18,72421219;3,145808507;-4,694895253;5,244100722
27792,57933;3,811257855;3,707124079;734,9510682;279,286037;16,63410253;3,175927472;-8,461064516;5,249027941
27989,18742;3,443242286;3,761843861;802,4919131;285,6682638;15,75264206;3,238617438;-8,246767615;5,307127533
27120,71476;4,927770335;3,634471291;626,9322812;268,7502678;18,00561824;3,152142555;-6,844544355;5,330923998
27823,76692;5,28174401;3,704602872;698,8717012;274,3842855;17,72396366;3,172613595;-6,129983144;5,325495695
27988,99803;5,121027158;3,711750951;672,2151226;273,9208984;17,76162473;3,163947479;-6,41775911;5,355102513
27805,98475;6,031902579;3,669283658;658,1104083;267,8544725;18,46331095;3,141365505;-5,051134278;5,36000026
28018,82776;6,641474605;3,692972076;660,4437252;267,6896424;18,81212522;3,133910269;-4,144370269;5,401439709
27931,98897;5,780391201;3,699837816;659,6669761;264,361821;18,33491388;3,153234883;-5,275563421;5,494231508
27794,36806;6,001329513;3,699404605;697,6212729;260,5313338;18,18923751;3,161045155;-4,175958027;5,512625758
28052,89897;7,068175755;3,718286158;627,246317;259,9339269;19,37667087;3,165280099;-3,569211038;5,506034914
27780,79916;6,495796029;3,80194131;720,5804069;267,7302692;18,81872006;3,337942617;-3,891595504;5,611545146
27529,14074;6,779027332;3,694068132;656,9437802;253,1894847;19,51687543;3,224083232;-3,51809921;5,544126617
28448,18858;7,760412438;3,792436465;668,4123033;256,1973741;19,71917634;3,228043519;-2,534817048;5,512078626
29173,39431;6,269801045;3,873721902;659,727195;264,1249062;18,6403058;3,273269266;-4,916027486;5,541557924
29648,40239;6,044802037;3,907353374;689,2521131;268,7972895;18,08974024;3,29765387;-5,138013599;5,516679462
29583,01001;6,415103598;3,822682078;706,5537032;265,7798405;18,48001964;3,243179342;-4,457765573;5,46040117
29232,8795;5,737435349;3,802997962;744,0835063;269,7427631;17,75356314;3,311085225;-4,639621856;5,501555917
29153,57735;5,636112767;3,713034564;692,62655;258,5191516;18,10345706;3,190410776;-4,917666554;5,442886917
29795,53367;5,705569429;3,77428582;606,6699663;263,7845255;18,75092444;3,198082965;-6,037444998;5,440075869
30230,48618;2,746737236;3,835245176;577,055142;269,3848113;17,15702741;3,220985298;-10,82354136;5,575936859
29530,92055;3,508008721;3,802960671;642,9509949;262,2445544;17,13604167;3,267035008;-8,37659442;5,626756093
30668,36867;3,595597673;3,823715006;604,7005483;271,6158712;17,34957798;3,293745477;-9,662072244;5,550016583
30295,85712;5,848976134;3,730574655;656,3363823;267,2016254;18,58761939;3,197656327;-5,803436884;5,471913749
29852,50833;5,569975099;3,656960625;720,759448;259,3679078;17,91670155;3,163541217;-4,720255645;5,457762394
30289,18072;7,213057861;3,716148298;655,9293186;258,3817937;19,36778675;3,175692055;-3,331060429;5,446880704
30349,4468;6,506877585;3,740863567;657,230047;259,1994773;18,94381554;3,221318977;-4,415767189;5,518850872
30492,62984;6,524396753;3,754417546;657,3578988;258,8395703;18,9577717;3,227751066;-4,381136274;5,541462683
30670,63071;5,788311889;3,754723604;683,6630449;259,005596;18,3849695;3,218408741;-5,331348917;5,576168718
30702,6292;6,58830026;3,743344842;695,2652571;256,4658312;18,95377631;3,203920753;-3,942741367;5,55935896
30877,09772;6,577254183;3,727904552;777,8030136;258,1975234;18,19257458;3,191756451;-2,916973063;5,536222845
31212,14075;7,540786214;3,731849265;676,6469365;259,4827749;19,47323983;3,183115154;-2,961095653;5,495402299
30991,0154;6,179736345;3,698479856;692,518242;266,3155023;18,36842946;3,210760539;-4,438568149;5,577704909
31222,01512;5,90122596;3,707302644;735,0994574;262,0542482;17,96837196;3,228163965;-4,262474747;5,515711152
31295,36753;8,11995446;3,707993491;658,27542;258,8174943;19,98454388;3,16518266;-1,909277918;5,534657407
31321,90621;5,831836386;3,709221378;636,7423783;256,8737554;18,88968063;3,175914098;-5,454586015;5,610644262
31333,76145;6,410661879;3,722352069;649,799307;256,3607585;19,04737701;3,216399297;-4,164391913;5,552487838
31947,67724;6,28620327;3,833028903;606,4972144;258,7059263;19,17334393;3,266896493;-5,239686803;5,659844719
32042,65877;5,559836785;3,764977707;717,8436344;261,4918648;18,12009324;3,238616533;-5,632491317;5,628100726
31959,86879;6,077137413;3,774742152;768,4597781;260,9841223;18,01038451;3,262417096;-3,840433508;5,579341416
32252,98652;6,151168734;3,853360958;734,3061343;262,4852924;17,95582584;3,356511645;-3,98173166;5,657688716
31173,28995;6,516373376;3,826317212;660,2441791;248,9796918;18,89063195;3,368106262;-2,893084364;5,794403984
31496,08081;6,643194615;3,747871082;621,5342766;249,7477693;19,23848523;3,308384402;-3,233490563;5,71565029
32316,65377;6,002161681;3,783025415;576,7685217;253,7584044;18,92110439;3,254867899;-4,722224355;5,678875773
33259,20016;5,874984318;3,762248867;679,4365521;260,5609174;18,21858591;3,207151914;-4,786687661;5,586714533
33513,82781;5,35453816;3,690751393;687,8329678;262,3214528;17,87232777;3,160284793;-5,600929364;5,446710291
34993,43754;4,258285428;3,683543509;708,2179965;275,010784;17,12365393;3,049192557;-7,74554231;5,275297574
33802,02276;4,099777095;3,59251717;783,5472424;268,1613413;16,5779926;3,117332528;-7,11428914;5,439146447
33687,63433;5,649010619;3,661141887;761,6814523;262,2903085;17,59549674;3,167647579;-4,492375209;5,508532479
35494,56105;5,163815365;3,773773392;752,2322285;275,2714709;17,5748717;3,061635315;-6,369086913;5,39434961
34032,49993;6,414306907;3,673559672;629,0748155;264,4936;19,16747529;3,169170245;-5,23782323;5,517795684
33696,53699;6,210882282;3,752617949;550,9180299;255,0967614;19,36394946;3,259346201;-5,107006103;5,586344244
33346,80143;8,007955569;3,792136114;480,6935149;250,090538;21,00886925;3,283732911;-2,930744858;5,719494486
33125,33367;7,61667596;4,072723179;379,6618706;238,8969876;21,23518293;3,436326012;-3,572060223;6,205379078
34543,73515;6,654449367;4,215770875;421,1769011;248,7629108;20,23288706;3,445738213;-5,31764726;6,285642392
34603,82068;6,002863833;4,22309494;436,7499925;248,3000893;19,73957859;3,472124901;-6,10178857;6,292001595
34523,0784;6,99709317;4,154071709;529,0803357;246,5212836;20,04104462;3,469433755;-4,164407535;6,190553628
34116,39255;7,705733086;4,06916855;597,5753171;241,6877468;20,1226267;3,433183813;-2,121732448;6,026761969
35753,6787;6,428813508;4,047988751;703,3156233;266,0233061;18,49697168;3,403419651;-4,105980705;5,822359625
35707,77473;5,947123352;3,532472134;719,9743428;270,864375;18,20563665;3,064773368;-5,016891676;5,249975434
35363,56918;5,665036902;3,530281327;635,6585384;262,5894218;18,56592631;3,072893878;-5,467669522;5,332662063
36713,01539;4,964220988;3,660192783;717,7454033;272,0354433;17,41579204;3,099846469;-6,452175371;5,39582388
37705,32504;4,515434402;3,904029904;703,3358819;278,2367436;17,26763341;3,266785646;-7,757649331;5,52648572
36333,67398;4,697773079;3,798694657;765,7598616;264,1249282;16,9625883;3,256864367;-5,988587821;5,624474887
38047,50785;5,996540892;3,977452334;772,4291075;273,2130028;17,62295865;3,335589035;-5,083304263;5,611818551
36871,73011;5,703212486;3,834547947;719,3488471;262,8955432;18,02646531;3,261608638;-5,473989172;5,672391955
36263,30183;6,632687286;3,726485389;669,9017018;255,6207398;18,98722804;3,212420582;-3,874885587;5,567601289
36682,00038;5,524028233;3,753392701;663,5590678;257,6363903;18,28642645;3,22962465;-5,731489004;5,609463626
37134,46279;6,901455806;3,784182465;659,5748276;259,0531281;19,04743696;3,250482156;-3,781928249;5,53846753
36974,33773;5,934628902;3,717188925;713,8328789;258,8217021;18,18764643;3,198562837;-4,47458237;5,523962344
37796,25456;6,049472029;3,85517802;712,9927964;267,2629154;17,92300061;3,326586303;-4,684934859;5,576303409
37248,18182;6,251893208;3,838668367;711,3287989;265,129319;18,21925938;3,373479322;-4,065664265;5,613726553
36991,28549;5,812249334;3,680602294;712,4343448;255,3866288;18,1662733;3,199746653;-4,42332796;5,538265555
38333,3141;6,111353723;3,771705657;640,5358305;264,3481364;18,58948125;3,236587933;-5,265187729;5,476087818
38732,44251;4,703212913;3,758870066;611,5783611;267,7127442;17,92758496;3,210990526;-7,524682463;5,456601278
37357,53898;5,094343828;3,659983117;624,4455015;256,7789327;18,20862548;3,195711221;-5,77325077;5,519414403
38905,81166;5,404305617;3,771771614;683,8208594;269,249936;17,87750857;3,223635205;-5,698195444;5,468279078
39424,66158;5,802252342;3,797752459;729,788024;275,2262282;17,60642172;3,231010688;-4,776465658;5,476291204
38973,19302;6,337645326;3,667861177;668,0731293;265,2381406;18,52424387;3,160614677;-4,387385672;5,305501584
40114,90308;5,200025293;3,578046304;687,2215275;273,0163113;17,7490234;3,028117441;-6,480779913;5,165258048
40671,18081;2,985700305;3,561296961;708,5330244;276,9687711;16,72117896;2,933630943;-9,941095891;5,116407762
39195,35257;4,303704993;3,562209877;807,1468944;267,100152;16,42460811;3,088488211;-6,104718741;5,342465134
40980,31826;2,429119592;3,618701904;703,8278538;277,5995054;16,32346235;2,921179443;-10,28200663;5,222993625
41153,41218;2,695578343;3,655554677;781,5732913;280,0524799;16,42829115;2,924372421;-9,502595786;5,26299482
39400,39208;4,624699249;3,536193439;774,7150286;263,7196906;17,16514199;3,062469841;-6,339619723;5,381648782
41482,54173;2,060035274;3,757126449;688,1367396;282,906692;16,11675284;3,046239145;-11,15262592;5,399311583
39896,34018;4,081649987;3,733700997;629,9424851;267,8383039;17,69794473;3,213711364;-8,584972501;5,595629577
38854,90805;5,542776466;3,728122325;628,0418696;253,6636882;18,58287015;3,265375362;-5,256770904;5,655234482
39561,60557;6,991864786;3,776668647;528,2044497;254,8341458;20,03342127;3,235920228;-4,433657676;5,639552001
39417,57545;7,259443966;3,793935386;481,8571622;252,6654308;20,5923752;3,22856985;-4,262693875;5,738766672
39070,62419;6,100203964;3,728784595;608,3337847;248,8048877;19,16702824;3,191041627;-4,19245548;5,645692684
39732,8316;7,808924986;3,77238597;502,6804252;251,3999909;20,80297217;3,18072397;-2,985809788;5,625745353
39991,69065;6,701738847;3,775029907;537,9179765;254,0383139;19,82882157;3,237199649;-4,580990946;5,671389452
39992,93389;5,51370339;3,725934559;610,0232239;253,2706035;18,6934868;3,211924035;-5,567904881;5,634793237
40654,93274;6,09805247;3,925227055;684,0598943;259,755979;18,3655904;3,364689669;-4,22698017;5,760679977
40922,69135;5,549974675;3,849550036;769,2241657;261,0519074;17,74720987;3,31228005;-4,63462935;5,698524353
41326,14357;6,135563649;3,639767111;767,0595389;260,2379298;17,92994968;3,164717265;-3,695800407;5,313312856
42422,30216;5,027829349;3,479359801;821,9886663;269,3647961;17,11711849;3,028373908;-5,778274961;5,051006379
42370,69763;5,620169765;3,471348172;746,3501211;270,0640631;17,85147332;3,017468984;-5,293499819;5,10392738
43400,6966;5,993737248;3,457602665;774,4244175;273,8510417;17,88266866;2,928088407;-4,870627664;5,012239985
43891,28157;5,635215813;3,509448461;754,5111361;276,7641066;18,01160401;2,920485751;-6,082214894;5,044977725
42266,62055;5,152134262;3,436378518;744,9769978;264,5376918;17,87850821;2,993473595;-6,415022226;5,22804989
42328,20395;4,999510493;3,399409043;763,9116216;264,1927386;17,34652706;2,991141111;-6,02571234;5,161415983
42983,38839;4,465178297;3,295626663;718,6471727;270,5457887;17,27386493;2,902722385;-7,55188028;5,006038234
44560,99369;4,030464681;3,515521424;884,7590995;287,0740189;16,33503763;2,895337452;-6,963579731;5,031237408
44696,19198;3,851918234;3,494359749;811,3820818;281,2623708;16,40303481;2,889866946;-7,386594152;5,002380597
44867,87379;3,050411011;3,473489189;676,7288798;280,0774836;16,78943674;2,85089892;-9,604551211;5,016148981
43067,25083;3,298240414;3,407952448;762,6836864;266,2212398;16,57478021;2,985624581;-9,019385783;5,262201509
43713,85592;5,04270586;3,595979845;888,6935436;266,9877531;16,64898888;3,075439694;-5,103662499;5,407131043
45386,4113;3,50377206;3,799831088;845,7580683;274,7182234;16,13745948;3,033818965;-7,765893009;5,485983326
43936,95927;4,260945296;3,623712769;709,0334623;265,4770039;17,46778475;3,080671808;-7,846021431;5,464609085
43204,77792;5,358783792;3,670491062;729,2512165;259,4781449;17,73079103;3,193817282;-5,062345258;5,537196793
44398,08813;4,929943222;3,638023993;692,5415482;264,5332611;17,63777764;3,092791613;-6,477990582;5,449178544
44533,63877;5,282077097;3,548968535;752,6246648;266,8037276;17,50184524;3,048345635;-5,472627515;5,314392412
44287,53184;6,257868874;3,575267912;779,4136159;262,8323477;18,04879569;3,060974831;-3,741421996;5,372101736
44868,65365;5,19699861;3,607607302;642,3217701;265,2214165;18,13941635;3,077741717;-6,573429021;5,395909709
45531,94441;4,811087122;3,789766362;674,1736024;275,5484064;17,4246388;3,263061375;-6,871342441;5,487702479
44477,99494;5,465989043;3,708244544;727,7128511;262,8902774;17,64212428;3,250865761;-4,922446707;5,512622741
45952,20295;5,246417321;3,774999189;711,3618596;271,2808738;17,61978696;3,238598467;-6,076530441;5,448466197
45740,77783;3,978439814;3,756780297;789,4605068;272,6358629;16,4674796;3,240074707;-7,378250237;5,475308432
45054,27185;5,315518775;3,614450638;801,8328341;263,7510839;17,23955546;3,135597694;-4,757372124;5,432679812
46982,57049;5,028669074;3,671209001;765,8934294;274,9455453;17,24426625;3,135653006;-6,341553864;5,250473442
47194,60198;5,039826231;3,644967957;809,615456;275,2731676;17,08179138;3,121514785;-6,077278654;5,210230409
45416,12932;5,745848635;3,58077263;755,097829;262,7996592;17,75871664;3,129098214;-4,293694729;5,322732806
47902,86149;4,793349508;3,726571811;811,1738659;277,3436647;16,8284792;3,157086047;-6,554717134;5,292689813
46704,73364;3,540626111;3,595805135;902,6145515;271,3261989;15,85987241;3,13398409;-7,817903547;5,337665761
46771,10671;4,861043197;3,598294694;920,6234416;269,1240715;16,1433473;3,121054663;-4,871363642;5,350767576
48403,11966;3,50265086;3,547629392;809,8483629;279,0900887;16,08585516;2,983883908;-8,019269165;5,058444051
47495,15864;3,284682292;3,339533339;628,431881;276,3952256;17,03493779;2,884947961;-9,822863783;4,998088936
46933,75105;5,503917228;3,483089398;809,7922834;268,2477398;17,32894121;3,030243573;-4,78083274;5,21567883
48928,64339;3,922227086;3,601715681;704,2106256;276,572009;17,17777257;2,934652622;-8,438804695;5,185098311
46809,41522;4,773344281;3,718970454;662,8315184;260,2734196;18,05517426;3,153692067;-7,147260063;5,647724411
46423,52027;5,190259639;3,716126598;686,3416539;256,2272676;17,95945137;3,211799293;-5,704162523;5,641112977
46965,68744;4,330578693;3,711180648;664,1027317;259,6616158;17,564234;3,208477738;-7,308622522;5,593735667
47379,81705;4,1724392;3,69956353;691,352377;262,1061738;17,30710136;3,192524506;-7,508509504;5,55424234
48066,88306;3,828301746;3,694857283;765,8998184;266,7961276;16,67328464;3,173781893;-7,802248123;5,50480262
47997,9002;4,590025516;3,653190967;792,1763302;265,0286007;17,1355525;3,157242783;-6,552596964;5,456374483
47696,25861;4,34429026;3,610523694;852,9908912;262,3041381;16,75674673;3,160687849;-6,523997965;5,431675856
48241,612;5,094940057;3,653117415;846,2394704;264,3875068;16,94100658;3,14277049;-5,077662455;5,459332452
48417,08407;5,048647647;3,634917788;785,2282695;262,4230076;17,39628547;3,117553304;-5,814576383;5,467677929
48514,81605;2,924624057;3,60899948;832,1172788;267,5151549;15,69257496;3,148526486;-8,679059939;5,451301687
48615,92157;6,163644906;3,642931656;748,0813027;259,3234501;18,19607863;3,096573943;-3,960336822;5,440941143
49031,94725;4,111087388;3,718316624;666,3579027;262,5494839;17,40953744;3,151241336;-7,981757447;5,622226677
47965,43631;5,954635291;3,672800989;647,9171991;257,6534157;18,93319826;3,187103844;-5,087789542;5,615920129
47993,91302;5,62765159;3,71739294;664,6169397;255,464154;18,46071946;3,21158927;-4,894620561;5,617135387
48414,71993;4,444144242;3,660214029;667,8090274;256,1880501;17,8515513;3,180983154;-7,110311884;5,545746661
48620,58001;3,48236332;3,582109193;744,8779691;259,0686326;16,98766842;3,158460137;-8,48503793;5,472721991
48563,44463;4,837184574;3,652702247;745,4344679;254,5915635;17,55807523;3,178217269;-5,769371336;5,575260571
49336,69623;4,935882114;3,724605872;666,1856778;256,4809626;18,11209259;3,1684916;-6,355683078;5,617946842
48937,48462;4,33743698;3,661532971;712,3828843;253,5312738;17,64108118;3,169820911;-7,014752321;5,617717477
49382,00344;5,654334241;3,721834541;706,3565949;254,5793636;18,18408075;3,18200712;-4,649480452;5,571392181
49680,21087;5,544416904;3,663183109;671,793005;255,1644977;18,53739464;3,153141118;-5,62556692;5,49286203
50171,96678;6,017962497;3,66199154;825,9388355;266,2874074;17,67868403;3,214590119;-3,989587186;5,388265129
49187,09193;4,95685193;3,600098639;757,7000046;257,3930213;17,45761495;3,226577607;-5,38681188;5,46119556
49953,35097;5,712653211;3,544332866;781,0783382;260,2047161;18,14785787;3,125631121;-5,179752942;5,387496777
49872,41082;4,930013738;3,588243358;778,4768868;256,45723;17,4650947;3,17952854;-5,597751481;5,478098638
50763,4254;7,766957906;3,665578275;620,8963689;257,2546455;20,20617276;3,140088155;-2,939061902;5,442644351
51256,30987;7,384060269;3,691264193;590,9838705;259,6375804;20,18138149;3,14088799;-3,715199944;5,464277172
50229,00181;5,980547525;3,616384164;684,492509;255,7087586;18,83145179;3,165387086;-5,047669561;5,540012445
51418,17029;6,215737771;3,672695556;776,7891358;261,1882859;18,04061403;3,154945351;-3,701583958;5,485241985
52219,86459;6,928067675;3,673290459;650,9876844;261,6513751;19,26111141;3,133557971;-3,886438316;5,404779171
51019,02414;5,596870532;3,569588776;660,201819;258,7669882;18,90727247;3,138648725;-5,756250411;5,415369186
50699,72801;6,364049055;3,97581346;694,6226134;246,7862449;18,68922107;3,373076697;-3,425882298;6,005384993
52496,07914;4,089017736;4,302602508;616,0309354;262,8668739;17,15385108;3,590217749;-7,532414694;6,261816804
52127,58745;6,167931872;4,161386228;540,811332;249,1572153;19,25770505;3,463295486;-5,198395702;6,158831471
51749,0566;6,653357036;4,032027021;604,4065178;247,3902868;19,46674447;3,388741725;-4,24687076;5,962519585
52778,73395;6,892623774;4,215460238;548,9553175;251,2198284;19,92685479;3,476817028;-5,015199248;6,197945543
52530,07926;5,585611878;3,816619844;627,9468864;257,0322733;19,07830909;3,245814811;-6,792607852;5,70204791
51911,04344;6,356647304;3,679856028;557,9596851;254,1628899;19,68581715;3,179646221;-5,100210757;5,531541048
53555,80169;5,436869278;3,720272788;455,3476487;266,510317;19,56346131;3,207738921;-7,990704711;5,462948208
52775,31012;5,945576136;3,599815754;516,5581386;262,2623333;19,6790025;3,179226263;-6,532254533;5,335619553
52290,7309;6,074322632;3,605686325;614,574433;255,6739564;19,03089665;3,170988473;-4,908187825;5,419444388
53766,15281;3,535491891;3,779701058;761,8952143;276,0846578;16,46078393;3,313075059;-8,344697377;5,542264875
52885,23308;3,892261754;3,563070505;839,9164133;264,5812235;16,767271;3,185215971;-7,457420353;5,43970138
53115,54493;4,818607883;3,600013191;732,1309745;257,9321431;17,86754346;3,164230815;-6,418495944;5,471399686
53998,67723;5,100551702;3,665235354;604,2416268;260,0085253;18,56756636;3,15659731;-7,135656858;5,516339222
54768,4163;4,129022018;3,663578369;609,7111379;265,5373163;17,79653991;3,15004358;-8,733429708;5,446566243
53354,01429;6,114417135;3,588987538;587,1380127;260,8082072;19,26199116;3,171304369;-5,212398176;5,409397149
53483,30909;7,028135831;3,644857478;487,2980392;257,8689138;20,25144576;3,187943061;-4,366842541;5,47000486
53958,36115;7,090758341;3,662781619;508,7384761;259,9431288;20,09395852;3,194132202;-4,221339849;5,461933542
54610,59386;7,125241276;3,67961395;548,186312;263,6054672;19,82615513;3,19196089;-4,064774362;5,442093428
54996,88601;6,451909541;3,725464122;563,4612277;265,5083701;19,27214328;3,235056016;-4,998845878;5,467885866
54957,6747;5,619991368;3,714932581;589,6313316;263,9791639;18,64498362;3,239036569;-6,032040945;5,507005689
55152,27306;5,585828961;3,739634627;622,4050881;267,7342507;18,34639771;3,263094046;-5,926510571;5,56083569
54486,66371;5,924115676;3,662556401;599,5043228;259,5121877;18,97504581;3,227333767;-5,333894549;5,499708238
55736,21256;5,685912634;3,65533146;614,5311935;266,2263597;18,49788211;3,180155297;-5,719420476;5,393431924
55800,93389;6,361257231;3,542414347;620,4854435;272,116951;19,12409698;3,134702217;-5,338374885;5,255884771
55427,66523;6,648989752;3,550132524;568,4995305;265,0419255;19,6024319;3,13814533;-4,915147579;5,279991266
56004,693;5,192076218;3,644045059;597,1953509;266,3736491;18,48310564;3,176543442;-6,656224718;5,394174643
55921,75926;5,562306833;3,672172785;586,1214548;264,409859;18,77173028;3,240345682;-6,062890256;5,41464676
58478,69837;3,630634649;3,765142807;498,7536346;277,3461344;18,06525927;3,22257953;-10,77187031;5,405525009
57058,12145;5,004629663;3,736994372;607,4218864;275,7224004;18,30092381;3,271836559;-7,482895544;5,48579116
55950,84093;5,857175161;3,728457069;527,8546295;259,0478579;19,39722;3,246877524;-5,993958052;5,488243728
56910,2098;5,69820151;3,66368531;365,3466866;263,8647503;20,28200219;3,15941396;-7,965510835;5,471908256
55731,02501;5,329223992;3,642734664;395,1885284;254,6200235;20,00818244;3,188621905;-7,937649101;5,560253736
55443,26138;4,965632032;3,661152456;452,277943;252,5327117;19,16513556;3,247370958;-7,415906469;5,607748417
56299,24371;6,461004852;3,600270205;393,6992416;257,3468426;20,49532319;3,184817653;-6,082761661;5,436854568
57104,75759;6,397024328;3,584854304;423,6712537;260,6564673;20,22864571;3,154683177;-6,213459124;5,366786392
57466,18793;6,296949109;3,572304615;431,1925826;262,2193904;20,14939109;3,136029009;-6,432589613;5,336099387
58004,854;6,230526207;3,557206595;451,7581301;264,2124329;19,98563705;3,110013966;-6,521121482;5,282270786
59076,09582;6,0157349;3,556358434;516,8999766;267,8811965;19,38531629;3,080656296;-6,630627873;5,213348028
59264,66075;5,889162832;3,536154698;502,4743471;268,6566053;19,47679964;3,061013914;-7,045574895;5,190088745
59940,65482;5,574874675;3,535736491;548,6514625;271,4503019;19,04025213;3,037642062;-7,411066991;5,142718264
60148,54504;6,080507121;3,522285501;587,5205954;270,9219966;19,07731232;3,027754962;-6,362360458;5,10894828
60408,70632;6,142664257;3,578874078;625,6406292;272,5575885;18,68007228;3,082333982;-5,858956231;5,15073998
60607,9386;6,345000098;3,573665038;642,7363595;272,4785745;18,69440665;3,076256604;-5,430339645;5,141108448
60822,5711;6,6169273;3,587674454;657,4733922;274,2051627;18,70173675;3,089840628;-4,857689721;5,148677194
60983,48402;6,489989633;3,602072226;678,482654;274,522984;18,48567387;3,109527122;-4,881478934;5,156019009
61055,9607;6,887240035;3,607053276;693,1412817;275,2018838;18,60706674;3,118721496;-4,115847534;5,165072544
60564,18774;6,288763692;3,599557523;678,7516689;273,0161875;18,38001325;3,125016541;-4,859487526;5,241754233
60428,24891;5,967963115;3,626439749;684,3128742;270,640171;18,20168705;3,140717133;-5,17499836;5,331773081
61392,66522;7,120116849;3,697564243;708,6283547;273,5476747;18,68255193;3,17325683;-3,610027;5,302370079
61673,09329;6,642011584;3,751251199;700,5390215;273,1457632;18,50223175;3,206314826;-4,478226205;5,374196963
60149,59319;4,872995824;3,681869828;719,7997578;262,4988215;17,59464508;3,204450182;-6,535617012;5,475675737
59318,98824;3,689195358;3,734862618;728,025006;258,2653971;16,70432197;3,261822689;-7,482625176;5,635318715
59779,73819;4,349085877;3,705819247;678,2184976;258,2752284;17,40411274;3,229932856;-6,978225459;5,606482569
59970,03881;4,348965467;3,730113099;577,853649;257,5203229;18,13137707;3,230382663;-8,068416693;5,642575477
60140,41714;4,165635399;3,734233459;557,0959038;260,4357986;18,02699872;3,244742838;-8,583416207;5,665068329
59651,85204;5,204701199;3,714267968;559,9122314;256,4166028;18,72442828;3,248344404;-6,816579705;5,630355252
60081,65365;5,022137118;3,632046229;578,1381146;259,4519609;18,43740685;3,185722462;-6,880651719;5,508618651
60323,08743;5,669934349;3,618947198;581,9309268;259,8404854;18,81002735;3,186976138;-5,889469037;5,421028969
60894,09881;5,266954438;3,628464304;631,8281142;262,020703;18,47586178;3,183594067;-6,540950929;5,420364636
61893,91787;6,666912298;3,727997941;626,5993036;260,9602121;19,06101418;3,19164191;-4,486819002;5,434667949
62084,04954;5,112704277;3,812703792;515,7586561;262,5137676;18,87513639;3,288861783;-7,708014842;5,555966421
60843,33406;6,531148856;3,743497974;442,9749728;255,9819903;20,33439588;3,290119726;-5,977406697;5,562111102
61135,92001;5,867147174;3,613483932;523,2020495;260,6821263;19,31261897;3,177733845;-6,201819479;5,425336159
61112,5822;6,004797216;3,606485538;469,7954182;261,0698946;19,96370281;3,178635088;-6,489253604;5,401343292
61450,32232;5,978976624;3,600284371;602,5579371;266,7313077;19,07404623;3,183393728;-5,87569663;5,402293755
62234,53326;5,921033267;3,668633666;546,8604867;262,7227425;19,22825431;3,188482471;-5,865712792;5,427516507
61986,23429;6,305362229;3,736145884;478,6655228;263,8916513;19,97168864;3,278320178;-6,074376528;5,534242751
61230,20758;5,331353499;3,768283971;467,203383;258,3932175;19,51300855;3,310299117;-7,309769003;5,69957291
61975,81485;5,023626099;3,797776571;539,1649821;256,0336108;18,70403937;3,297566071;-6,909644807;5,675221976
62655,96247;5,913777662;3,795309504;462,6086169;260,2291934;19,77940092;3,313337171;-6,776549711;5,60943776
62499,48944;5,581958893;3,790621668;420,0041766;260,2281141;19,92277497;3,322674789;-7,601796873;5,629210837
61480,63459;4,526205911;3,69268325;377,9817617;256,6223428;19,64659585;3,276043496;-9,147219495;5,63503212
61564,90281;4,26369805;3,682378583;426,4857928;256,2189361;19,10475423;3,267063648;-9,018156372;5,641970546
61816,22372;3,567084826;3,722201294;559,3318861;259,6630723;17,60529651;3,280295868;-8,914431345;5,709818881
61865,32823;3,967066523;3,667381426;511,0441665;253,006226;18,34245434;3,231966866;-8,543142037;5,629744128
62134,97015;4,787006168;3,629652638;440,5646677;256,7179376;19,32546978;3,22215725;-8,036040806;5,522774795
62243,57098;5,509890182;3,683162547;502,6124355;257,7343549;19,10530565;3,266823267;-6,248938316;5,576097307
62001,54089;5,994707487;3,679942494;519,844701;252,6328076;19,44559037;3,275346196;-5,189558423;5,582148737
62773,1325;5,81646999;3,703036022;446,1821721;257,0595328;19,85508967;3,266516682;-6,426662853;5,563401059
63814,08915;5,837243343;3,74971976;485,1078664;259,3811879;19,57210227;3,256713697;-6,43880061;5,577180514
64227,77245;6,009630002;3,728857207;516,2869552;261,5260186;19,47717757;3,245948657;-6,103994706;5,513274374
64577,14741;6,175678543;3,738140325;534,9600598;260,9281779;19,38813482;3,248934117;-5,659397003;5,514716029
64370,34695;5,211334369;3,680222593;567,3339136;259,7578177;18,68700635;3,21881384;-6,858887704;5,528789087
66248,09201;6,190350065;3,617902206;748,7949427;270,8707616;17,89370215;3,124883709;-4,250853107;5,258503115
65160,39254;6,305857721;3,586689507;641,9628637;267,5905749;18,87415047;3,140903104;-4,909903969;5,347062102
65687,83947;4,824205613;3,623830249;644,8434021;263,5743054;17,93722081;3,141293434;-6,516449806;5,369818646
66873,92259;5,826763514;3,601047468;691,3043115;268,3550162;18,32629884;3,080109826;-5,687729326;5,293573083
68016,17437;5,993380852;3,534946367;719,8686645;272,5908478;18,1486619;3,009444768;-5,418330553;5,147001137
67756,26625;7,014061825;3,56667114;804,7230476;274,618759;18,34655084;3,054527107;-3,036503761;5,176724911
67811,47005;5,668661859;3,652531503;785,380831;272,0739521;17,37152412;3,112782345;-4,905777787;5,323485304
69555,44994;6,420299312;3,82273777;670,0448438;276,805467;18,5621702;3,176296191;-5,146371742;5,434530016
69727,25578;6,438208282;3,821777663;663,9673843;274,5886246;18,57645862;3,169491155;-5,15382572;5,449413123
67553,68992;6,205688555;3,761167913;608,8770533;261,8184493;18,90331326;3,188849298;-5,079882527;5,473565531
67846,82242;6,059591782;3,780534418;588,0113938;264,6918868;18,86405814;3,2363017;-5,586848868;5,497647294
68010,18506;5,886837542;3,799769406;590,5214526;265,0528945;18,73563365;3,259320286;-5,832923521;5,515999231
68066,41082;5,843114583;3,810350516;575,7347536;265,1678664;18,84495813;3,268946438;-6,048953779;5,54012839
68236,18807;5,840115871;3,806817961;574,2967748;265,2333715;18,84859785;3,269000746;-6,061306662;5,534127067
67690,34161;6,219727608;3,774026246;548,69954;262,6560012;19,32251472;3,264797232;-5,679945308;5,526419325
67238,45275;6,379810391;3,759220112;514,1539827;261,4585855;19,66143949;3,276594861;-5,485087316;5,544197906
66555,42966;6,735074319;3,737320181;496,518699;257,7765343;20,05420843;3,283418911;-4,85628384;5,561989739
65875,86066;5,857244287;3,651343892;580,6342946;254,8315314;19,18410133;3,265900917;-5,747148623;5,546301396
67847,01834;5,054190337;3,738001692;587,3171856;260,3211361;18,53740925;3,230476432;-7,117018723;5,599401183
67950,7991;7,192067652;3,758842174;469,336377;255,8175386;20,53239936;3,213384382;-4,797503527;5,589552651
67491,18078;8,018361167;3,775944748;512,4414813;250,3013509;21,00124857;3,224369024;-3,242480377;5,602113494
68463,89499;6,347798373;3,768337682;544,2865526;255,5229591;19,38191702;3,227370737;-5,023677865;5,530390777
69435,82855;6,831364611;3,604399659;562,6840179;263,9161304;19,65452239;3,101787059;-4,728682421;5,307639753
68222,42641;6,691096731;3,537697142;627,0113611;261,5120676;19,30886941;3,122356464;-4,458439857;5,302487096
67223,59523;6,370771466;3,567622091;533,4773178;254,3576972;19,60963259;3,182038002;-4,781813924;5,360832503
66903,06869;6,680312945;3,566037628;502,4574602;251,4860354;20,27801638;3,179916226;-4,762128778;5,391778693
67819,86193;7,055359707;3,737169718;560,7903001;251,1543282;19,9776883;3,274071337;-3,857432339;5,579776347
68386,19154;4,314478173;3,809900024;624,8065995;254,9868397;17,80993315;3,332130517;-7,46432482;5,71320993
70173,87215;6,576223566;3,657091165;591,1931282;261,8190534;19,36442593;3,182493214;-5,048932641;5,36287325
70347,61203;6,448450231;3,539113144;559,9032405;263,2266746;19,49625027;3,084529245;-5,37768303;5,217312567
70436,12289;6,185170121;3,420218007;495,1049857;265,630815;19,86751047;2,988502336;-6,322699146;5,090754814
70868,80873;6,085667943;3,393751672;511,3583125;267,02156;19,68413314;2,968716397;-6,394168562;5,032173167
70759,6535;6,943063289;3,455673636;576,872077;270,7260805;19,76859516;3,038590457;-4,696702094;5,11780006
70109,24389;7,181210701;3,445880959;589,7505649;262,3445148;19,8955375;3,027940815;-3,89303365;5,149493713
70785,24827;6,421177128;3,474395238;551,6384575;263,4954655;19,63422406;3,032213038;-5,347305685;5,166753103
70729,19587;6,317365043;3,509980387;508,6711275;262,3567962;19,85563575;3,050651796;-5,792537036;5,239256229
71326,88433;6,300879426;3,57684636;553,7901116;261,8341598;19,54006858;3,070677987;-5,565210387;5,315125814
71936,42936;6,487535071;3,747618909;641,387969;265,6459903;18,87592762;3,205275299;-4,719797237;5,511052542
71664,36148;6,399935497;3,766275844;693,0465008;262,5900895;18,58778045;3,225495048;-4,310903911;5,554804407
73308,02359;4,443986139;3,808236571;698,1621095;267,8002645;17,27021274;3,234166299;-7,401100037;5,45222611
74719,46167;6,942364513;3,494413087;716,5891522;274,3818092;18,5953102;2,97023039;-3,861789016;4,989128851
74084,16223;5,851737423;3,472681484;847,3051982;274,4753344;17,3604435;3,003701256;-4,634343748;5,097214383
74551,71712;5,872979916;3,515838593;783,0281303;273,9951191;17,67177848;2,990035332;-4,948408753;5,136214722
75730,35381;5,941653808;3,557961548;878,6639278;278,1978794;17,05984904;2,955638646;-4,298201081;5,170959906
74099,81788;7,160897783;3,629383412;896,4857746;272,5334542;17,86549947;3,073806332;-2,161973468;5,29657486
73297,10417;5,492032342;3,660385474;770,3947515;265,3155297;17,41831547;3,109946235;-4,79583323;5,406550979
74990,75041;5,650278623;3,556571702;820,5685169;272,0601486;17,49510182;3,036162837;-5,083843209;5,162582731
74237,50228;5,348400373;3,552017561;852,4944567;272,7935962;17,09846192;3,104832302;-5,238386258;5,173604976
75397,91557;5,797433747;3,65702864;845,9054976;274,4420934;17,34564278;3,115618722;-4,695057181;5,271540726
75355,26762;6,220677633;3,654081753;674,6409603;268,5048349;18,62988787;3,073477795;-5,323152279;5,312193258
73432,04265;4,193671034;3,59670894;704,6162214;260,4670067;17,50739102;3,124908936;-7,990192182;5,432793027
75862,20259;6,658785279;3,587039342;763,8458159;269,5266556;18,18266151;3,02585915;-3,754598322;5,199026371
77322,08435;5,026967936;3,411300286;786,3040193;279,9554454;17,00391504;2,908044214;-6,194834231;4,924677177
77493,89019;4,615980732;3,456517339;892,9245913;281,7676386;16,11483809;2,907134168;-5,910090876;4,98119706
76632,14315;4,738712291;3,542030237;911,6008918;278,436582;16,02575984;3,000456029;-5,519787319;5,189458345
74774,04919;6,816552942;3,595369513;811,4907321;265,404036;18,4439326;3,052710594;-3,233273243;5,328629819
74554,55729;5,879996297;3,687021933;766,1495417;263,9806553;17,81348662;3,184065556;-4,591053316;5,479006262
75830,60882;5,817913391;3,734931477;758,6367619;265,9189942;17,94793333;3,160467418;-5,162361172;5,477393655
77073,65885;6,219971542;3,902239872;698,2238856;265,8908494;18,37502902;3,25898006;-5,003902452;5,556370373
75604,2051;5,05634164;3,955165026;762,615209;267,8415576;17,15846323;3,376411443;-5,84222234;5,7245815
75585,55752;3,21356128;3,635681366;800,3004192;266,1911649;15,91946975;3,134768043;-8,218711994;5,395612668
75686,02238;4,487450025;3,530971387;855,8806129;273,3997125;16,54341582;3,087220827;-6,500535458;5,314360932
77111,00763;6,483374115;3,526886809;927,737429;279,2441915;17,07268817;3,017159658;-2,705613259;5,175201471
75875,61469;5,158470715;3,553138006;874,7531088;271,1298399;16,74800995;3,11215848;-4,877325482;5,299275369
76038,04046;4,195647393;3,552526561;872,5662012;266,4395519;16,35123645;3,090036942;-6,478912003;5,271817394
75765,14588;4,452058899;3,591651682;854,1478748;267,455702;16,53924309;3,137260124;-6,034873093;5,372608544
76433,87989;5,226481002;3,551142816;930,2251127;267,2849925;16,47898388;3,054700398;-4,238295822;5,337553594
76794,5643;5,942046781;3,565265824;937,2998569;274,2277979;16,80640657;3,118807421;-3,120693543;5,268764961
76686,72632;7,771878265;3,728520793;817,4671274;261,309207;18,72857714;3,15161894;-1,149771106;5,480993665
74895,79667;3,003248156;3,699916847;762,5108705;255,1514097;16,3484196;3,207320065;-8,313314516;5,673219531
75811,72921;6,131193923;3,692028438;719,0220068;257,882916;18,40982287;3,213310484;-4,09867171;5,50711321
76181,08924;5,271353317;3,741072859;769,9901945;265,0369269;17,57252124;3,240011606;-5,114281691;5,512646726
78177,54806;6,594411863;3,549143955;891,6148404;269,3282889;17,72918553;3,041026818;-3,115448275;5,199414162
78286,90412;4,857067384;3,440048121;920,9087693;273,7715198;16,64460676;3,019139217;-5,953838765;5,139062231
78018,09593;7,193706186;3,389299151;914,6410139;276,7498116;18,35572799;2,98927951;-2,666788404;5,069398868
77884,86756;4,570574418;3,330010972;910,4177869;275,4136302;16,51721881;2,980173173;-6,288356324;5,065208104
79010,02004;5,87294183;3,377544211;938,2018424;286,888747;17,27186271;2,978482431;-4,512050216;5,019182784
79321,30011;4,879304431;3,503260392;993,2869746;282,2684257;15,89775387;3,062540562;-5,032177202;5,212285698
78536,39476;4,968995072;3,551714168;823,2328016;272,4011282;17,10262296;3,053532905;-5,793574639;5,247937352
80976,91769;5,407530986;3,538949919;847,497813;277,2394314;16,99279782;2,988008025;-5,10201744;5,126270911