;Age;predMAT.fit...1.;predMAT.SEP.boot...1.;predMAT.fit...1..1;predMAT.SEP.boot...1..1;predMAT.fit...1..2;predMAT.SEP.boot...1..2;predMAT.fit...1..3;predMAT.SEP.boot...1..3
1;1,814325939;9,85540829;3,169264636;958,0728849;273,3135235;19,47064792;3,116263021;1,018963559;4,047816972
2;1,926580802;8,845333604;3,293075738;952,068547;251,3456994;18,54798113;3,116509753;-0,172514771;4,150087372
3;2,005860327;9,639615709;3,250793676;912,6478501;254,8007295;19,62167959;3,0631641;0,535267799;4,132051924
4;2,120757228;9,682451467;3,264755196;903,4621754;253,5236914;19,52104765;3,100693018;0,739584881;4,153991835
5;2,213634909;9,176067379;3,157445494;967,6377446;244,986487;18,69138189;2,910114163;0,185431563;4,126350224
6;2,290969689;9,330318376;2,959881043;996,5783292;239,6295486;18,51218267;2,732773986;0,736191189;4,024787521
7;2,320451688;9,47314067;3,053907026;962,1187918;248,2350307;19,10399797;3,135773205;1,131109324;4,109693381
8;2,441492238;9,482018403;3,138304266;934,6810341;251,7513375;19,2811356;3,124412781;0,704829323;4,148749983
9;2,580060981;9,368014829;3,103191897;979,8332208;252,0596911;18,71766969;2,911877647;0,960453169;4,077018174
10;2,625882917;10,30052276;2,988323334;881,4386305;259,5550561;19,63717871;2,921315578;1,943878025;4,08753286
11;2,734869942;9,447411333;3,08891241;960,1258417;265,7439568;18,83449288;2,992769083;1,14490566;4,105301659
12;2,86533406;9,430578933;3,070788027;977,6920606;260,4776354;18,63657683;2,862468442;1,153766004;4,00217303
13;2,948721756;9,684002457;2,997490741;937,5218235;257,2793924;19,24069577;2,820061495;1,172998842;3,994649694
14;2,998523026;9,564791738;3,039505537;958,8425495;267,9096307;19,02344939;2,891107291;1,376616187;4,064063416
15;3,144338045;9,393814503;3,206537424;948,8006061;262,9420047;18,5107691;2,941408836;0,996016441;4,203562175
16;3,259883682;8,494956218;2,982396101;1040,966398;254,2465363;17,42593399;2,673029128;0,218333653;3,973146577
17;3,344256728;8,251761596;2,833107802;1017,207705;258,1490285;17,45570279;2,460983204;-0,323551142;3,94488621
18;3,449131951;8,43830259;2,80084831;970,0338015;270,8046291;17,69402264;2,456121413;-0,493889444;3,889189332
19;3,549009284;8,435996476;2,792159104;1048,084763;282,2069421;18,00115895;2,433070071;-0,669254832;3,868477225
20;3,607834637;8,575736713;2,761089965;1001,836613;275,5648887;18,39722283;2,499652597;-0,619167715;3,979199502
21;3,754758336;8,490690116;2,82368525;907,7934655;267,8829379;18,08843241;2,429087476;-0,743884358;3,931991192
22;3,866138283;8,491656219;2,831597178;947,7685596;251,694652;18,00255015;2,450091825;-0,231563621;3,912787286
23;3,858889962;8,658886769;2,787836404;946,7670901;255,4563968;18,51319306;2,470711456;-0,477409141;4,116422968
24;4,067715458;9,040131515;2,856595154;951,618281;252,0312182;18,4504982;2,470068934;-0,253074615;3,987627971
25;4,148935387;8,935123909;2,881877985;947,0776103;255,1023915;18,62058218;2,460504389;-0,399859624;4,017014586
26;4,270578359;8,9964789;2,839355814;1035,329032;260,9668045;18,40332238;2,503772875;0,19289308;3,929138088
27;4,370877736;8,695973068;2,852860946;1022,882116;265,4435076;18,21543654;2,469936607;-0,189567653;3,959687867
28;4,476263758;8,534397646;2,834296013;1018,28545;259,6446636;18,18462338;2,498062455;-0,306159815;3,946664712
29;4,584470568;8,71682845;2,914384162;1015,293305;296,6000834;18,30208677;2,65165473;-0,337168174;3,863625196
30;4,596728576;8,626721124;2,785991927;1048,770207;293,0636434;18,72097701;2,644536141;-0,718040073;3,899113353
31;4,762611428;8,632212025;2,76946495;1080,364755;289,8406959;18,17161087;2,506899795;-0,613060707;3,806140273
32;4,880170875;8,595559617;2,838177544;1046,585206;296,8619011;18,63369794;2,501944308;-0,851880807;3,929247933
33;4,981699488;9,058974017;2,783827212;1058,079841;298,9410464;18,76471916;2,483327743;-0,092134354;3,857571632
34;5,082636572;9,006375987;2,762277089;1096,55862;295,3122369;18,93967618;2,468461369;-0,121435071;3,826540056
35;5,178863655;9,060466025;2,766999354;1124,153118;300,2254066;18,98553997;2,512744382;-0,104633116;3,798998345
36;5,291459455;9,908792634;2,745114352;987,1963177;286,9028224;19,71518744;2,570009777;0,291982153;3,691051682
37;5,387834166;9,934066854;2,776115881;987,2624451;293,9740632;19,72619847;2,635125942;0,273203166;3,672279394
38;5,456491621;9,665604751;2,763903956;1050,909557;267,2454823;18,97649689;2,563243417;1,03827514;3,768369076
39;5,575684409;9,66141434;2,726693462;1058,653147;275,2909892;19,3208979;2,470529976;0,557141614;3,78223571
40;5,679191364;9,853411039;2,815705877;961,6665581;302,0247223;19,7182287;2,720061533;0,60451877;3,695137104
41;5,777240875;9,873082717;2,866355152;965,3424109;294,0280366;19,40288743;2,81687491;0,867576322;3,724971191
42;5,895578898;9,856251934;2,957002464;1177,70933;349,6488281;19,70501316;2,907795961;0,884784475;3,897625136
43;5,975679393;9,922013846;3,025084861;1188,772673;330,8690709;19,20728853;2,999665617;1,882646677;3,808817387
44;6,093474509;9,960472164;3,028588125;1190,635625;317,8999299;19,17630906;3,017315854;2,049646479;3,815852943
45;6,178290845;10,211531;3,020348875;1112,091184;290,9364366;18,93805763;3,056705266;2,617641759;3,695968589
46;6,260698183;9,773648563;2,877364478;1095,184549;273,5528726;18,42283709;2,7723083;1,697181484;3,745770504
47;6,38702457;9,501635288;2,73111648;1140,102867;268,0616541;18,01438688;2,602867707;1,991197441;3,647796612
48;6,507902558;9,659408546;2,7754614;1178,88686;265,7977762;17,90035521;2,696596442;2,13636376;3,638661222
49;6,595813822;9,653985702;2,766864018;1179,359329;263,5078414;17,89072483;2,683298979;2,132777268;3,63481956
50;6,694233661;9,927735212;2,792801346;1155,541034;258,2582292;18,38787908;2,696367003;2,083951891;3,658885201
51;6,816658045;9,7444217;2,804636393;1173,376633;257,5317191;18,20349409;2,676305826;1,921561932;3,670150825
52;6,932961209;9,807744067;2,790501892;1120,458014;258,0676685;18,49504717;2,694108953;2,141830989;3,685623336
53;7,032200561;9,97109947;2,788671842;1161,200476;258,5628981;18,49643206;2,679594899;2,054763454;3,647789632
54;7,169067122;9,402391502;2,756578858;1123,815514;257,9742805;17,8250791;2,655398228;1,608733876;3,719959694
55;7,144156661;9,23259549;2,73618001;1157,226518;253,4116524;17,94466736;2,650119987;1,76819723;3,775060141
56;7,273661743;9,812064927;2,804722274;1158,571532;256,6547679;18,66042446;2,720829993;1,893877904;3,843354903
57;7,547374278;9,690032015;2,832060448;1166,71065;253,9997254;18,33423459;2,682414379;1,994702155;3,744913117
58;7,691799371;9,760450055;2,863848534;1168,6049;261,3854485;18,26096298;2,714933935;2,134255543;3,765391309
59;7,824044832;10,48712116;2,823185651;1111,915643;253,0641237;19,19668163;2,687956889;2,390273349;3,743364425
60;7,994650773;10,16353335;2,889414213;1133,238454;259,4067033;18,83967799;2,731903237;2,206085406;3,774310382
61;8,110937867;9,161990116;2,942409591;1264,338164;275,4500646;17,95934934;2,77177013;1,229773279;3,876978148
62;8,253930686;9,158057039;2,97567211;1196,364485;275,1783821;18,22472114;2,825705676;0,93201736;3,944777179
63;8,382456391;9,101209798;2,954266272;1221,475566;272,8186775;17,9189707;2,768982955;1,32372573;3,911462474
64;8,270271466;8,986712761;2,911296899;1169,89143;267,5044908;18,20296606;2,802468916;1,183991493;4,09757579
65;8,457734416;9,077319197;2,95560756;1075,359402;272,129156;18,38800619;2,865467635;0,618703529;4,170749063
66;8,818255848;8,653976286;3,07261481;1126,306868;285,2638362;17,77066863;2,919256494;-0,575198691;4,116137342
67;8,889654743;8,496371657;3,040113837;1143,430282;284,6336769;17,89099373;2,926124325;-0,425276566;4,128355968
68;9,0955057;8,21244014;3,04263291;1214,542718;276,6836075;17,62787553;2,862117747;-0,612934051;4,132392669
69;9,228622763;8,483898875;2,984328902;1189,060763;269,161629;17,34685771;2,881535454;0,081050308;3,999449924
70;9,113874243;8,914072519;2,901214335;1150,271915;270,238399;18,37250452;2,786601703;0,716287334;4,160931169
71;9,375293073;6,949063867;3,337182076;986,5865941;305,5454385;17,26435058;3,125229197;-1,927346964;4,478336655
72;9,442728663;4,730485639;3,497542244;669,4756122;230,1562476;18,35595041;2,72781633;-8,48377318;5,458828948
73;9,434882674;3,627266981;3,22273041;742,3795548;233,6341666;17,16001038;3,058634494;-9,137500373;4,780592279
74;9,52653567;4,160693897;3,309254675;753,805814;233,9870475;17,10660156;3,052512246;-8,852931749;5,118951202
75;9,732719659;4,387015313;3,51456592;703,4127886;226,3204668;17,93220392;3,157700784;-8,662240686;5,166894673
76;9,940184608;3,76552181;3,389480067;667,4845949;223,590932;16,83402801;3,030408063;-8,578682421;4,922307414
77;9,876563582;4,116669462;3,174723653;622,2399346;221,844569;16,88148488;2,922498522;-7,886850586;4,92479808
78;9,851817502;3,864758023;3,152676036;618,14875;211,8256141;16,52965732;3,005560526;-7,813826991;4,730077732
79;10,06055049;4,621652798;3,188894449;586,6982489;224,5465655;17,19708217;3,011574355;-7,329190862;4,933066969
80;10,18964933;4,805177887;3,182593333;579,4854014;225,6086402;17,33260872;2,998264638;-7,015405633;4,880502088
81;10,29919494;4,862092489;3,134960361;571,6297728;222,8259557;17,41006122;2,97296221;-6,926259142;4,879259526
82;10,45520231;4,839228281;3,121525545;571,3850631;222,0887398;17,37009699;2,976908006;-6,867983156;4,882600014
83;10,54380055;5,052943658;3,11542575;573,2403723;229,0613608;18,10956399;2,994284129;-7,386589953;4,957898599
84;10,68990731;5,383607231;3,225853117;560,5967573;227,9450418;18,15995767;2,913338768;-6,733399743;5,089177649
85;10,86125988;5,909708244;3,223286952;566,1380025;228,8459479;18,4437666;2,91459565;-5,599011181;5,07716783
86;10,95120399;5,836063102;3,281506945;560,4712788;229,5708693;18,42017459;3,00815969;-5,807903029;5,147882551
87;11,00571272;6,034233635;3,256316827;552,0214605;227,5057516;18,36288587;2,944562439;-5,508639763;5,189900455
88;11,10676633;5,736142045;3,488010499;555,1000499;216,817573;18,48934893;3,109062913;-5,215272599;5,542863676
89;11,23002202;5,801569473;3,463647195;553,5308784;217,1420327;18,56487372;3,081997142;-5,269505459;5,54359195
90;11,35272247;5,841552502;3,465763875;543,2163726;215,9098698;18,55656882;3,059495159;-5,222872686;5,567175745
91;11,47636708;6,938671625;3,61733661;545,1186125;219,9958969;19,37773021;3,228880694;-4,150059536;5,63210462
92;11,59030819;6,915420451;3,61233553;546,0951411;219,6297773;19,39116203;3,224523088;-4,141332431;5,664189569
93;11,7439569;6,22563185;3,941250346;579,9092481;237,1658784;19,40246196;3,822786251;-5,902088178;5,606478531
94;11,83019857;6,902953812;3,687333143;545,6723816;218,5290719;19,43539544;3,285018805;-4,004083269;5,696933165
95;12,05933566;5,998887059;3,501898969;554,3880707;220,504203;18,47458818;3,157658083;-4,960643612;5,511580592
96;12,16695187;5,858277925;3,710077433;602,1212009;227,3258489;18,56972818;3,35679172;-5,670835618;5,614609847
97;12,53285353;5,760556057;3,676701597;589,1016505;213,6775027;19,07311296;3,115102537;-6,044482119;5,66582748
98;12,80211224;6,323749071;3,794887274;631,7101123;218,9385371;19,20944418;3,013259427;-4,980479823;5,80570928
99;13,02988673;6,133941885;3,752927025;627,009558;220,3831817;19,05613586;2,978330707;-5,508801931;5,779465288
100;13,21088359;6,64075127;3,791491153;640,2089244;221,2347044;19,3670166;3,053717494;-5,525713523;5,720044163
101;13,44898803;6,843498836;3,748451093;645,5841131;217,9079322;19,21180295;3,016255791;-5,387705037;5,617949001
102;13,61152697;5,287225744;3,306372131;633,1121865;217,8108858;18,03718129;2,739519786;-6,842101119;5,239519012
103;13,57629102;3,600316985;3,539643675;690,7649672;223,274227;15,90966895;3,170084546;-6,687056163;5,368211378
104;13,81750088;4,626107126;3,247636145;655,6130546;214,0688219;17,06350506;2,970162473;-6,777134644;4,942284718
105;13,97844465;4,191736005;3,032781132;621,8715639;211,49557;16,99409463;2,82995242;-7,882198154;4,706511664
106;14,47239478;5,181942762;3,603710194;660,8129411;235,2401118;18,61915971;2,767039104;-8,251568962;5,423508839
107;14,58593233;4,567997782;3,470499538;565,8915056;231,7608332;18,4428206;2,730919072;-8,733253141;5,317937776
108;14,34675672;5,772572099;3,235913459;565,965281;216,646557;18,64214696;2,941438542;-6,438289134;4,973266133
109;14,75217963;4,591979305;3,478482247;642,3518779;227,1062551;18,04673736;2,766484128;-7,666220433;5,536538158
110;15,10813924;3,393375368;3,340223489;671,9146548;223,885509;17,39701346;2,666314772;-9,825155431;5,232251839
111;14,85074574;3,669675859;3,092887238;610,9159491;215,5586966;17,32970902;2,778140165;-8,953581227;5,106045611
112;15,3112887;4,739045393;4,024633468;677,0135237;230,5268761;17,67549817;3,537317994;-6,679800523;5,597407132
113;15,5027524;3,410470227;3,36949265;635,7851978;216,1989575;16,82275707;2,948871355;-9,281579611;5,187922284
114;15,82876324;3,238287888;3,189187937;648,9596844;219,6057086;16,74962108;2,739107137;-9,486997055;4,863894469
115;15,99654021;3,3653591;3,175664031;657,0918451;220,7960836;16,81068839;2,760913766;-9,367688679;4,825677307
116;16,19389103;2,947347672;3,251459503;717,2655262;233,1754093;16,25484527;2,865655575;-9,63228409;4,844879401
117;16,24975277;3,77873092;3,412023196;715,2086081;236,2473116;15,93930047;3,056022126;-7,08594671;4,98448215
118;16,84564512;2,811369459;3,324062154;747,2880414;234,7843669;16,22522676;2,785074899;-10,05150935;4,952854424
119;16,92973638;2,516080958;3,44100217;768,7721794;237,65402;16,14419689;2,951271798;-10,74302477;5,070687299
120;16,54038863;2,319497862;3,183137182;670,9835556;228,9421687;16,71246932;3,040315077;-11,12554778;4,998279827
121;17,30163141;3,951689361;3,482328614;696,0471253;233,0990863;17,3732525;2,913918626;-8,649919831;5,201879964
122;17,59332839;3,732191957;3,426079282;648,6651467;236,3743421;17,37902945;2,715780565;-9,058474173;5,221247626
123;17,40074793;4,251685698;3,246280815;701,6596352;225,347664;16,84376404;2,871057792;-7,267736966;4,950258959
124;17,77147637;4,338663641;3,288476466;662,5927845;227,8244619;17,38777253;2,632007695;-8,112337394;5,093177798
125;17,66270125;4,182842063;3,357528643;641,305893;225,8835837;17,51039258;2,793859449;-8,16585196;5,236580226
126;17,55660719;4,910866903;3,271266967;674,0041583;227,9608778;16,84793259;3,087284732;-5,896251731;4,887515798
127;18,03850882;4,850325688;3,258085991;670,9548939;218,9055438;17,3417063;2,750953385;-6,56679965;4,956415617
128;18,20412232;3,260824271;3,235497659;656,2164259;217,2330445;16,6588904;2,775348714;-9,46424156;4,963365799
129;18,05702502;4,312083183;3,176791069;631,0210346;233,4063358;17,63359586;2,982698401;-8,093253272;5,027375822
130;18,74483688;3,915972467;3,255337218;655,2690236;232,4636747;17,86616428;2,642381984;-9,215191042;5,100044162
131;18,65773471;3,005738022;2,95488712;617,6580698;230,6548269;17,4183506;2,514326695;-11,32202794;4,621109591
132;18,59444634;2,787688126;3,261132585;693,7963212;226,6178231;16,36777717;2,831267189;-10,17868848;5,169247435
133;18,96930635;3,222480683;3,218978773;662,7855805;229,3046194;17,27164901;2,529199819;-9,977674242;5,193274956
134;19,18005052;3,515646805;3,300208003;629,8569614;236,0991778;17,89946188;2,535537679;-10,01567684;5,267537468
135;19,45519422;3,707435219;3,326504527;680,1131975;241,0571015;18,12731725;2,565155738;-10,05156949;5,249904819
136;19,77873539;3,747852041;3,33875226;690,1352634;240,2021203;17,60345157;2,565563324;-9,506050568;5,223386358
137;19,90778056;3,682616763;3,284403392;687,1143462;234,9886294;17,39853383;2,535175935;-9,451143732;5,135924162
138;20,05130562;3,642046976;3,299239307;687,2995496;234,9895282;17,35772422;2,517954415;-9,52172267;5,156465615
139;20,2171429;3,648761101;3,285437483;687,9144375;231,5058765;17,38701832;2,527534051;-9,645693899;5,14535851
140;20,26216672;3,482669456;3,304919058;703,3560718;229,2809112;17,24857533;2,591462032;-10,18639601;5,2346626
141;20,03336464;4,031889585;3,213326748;651,5534317;216,6510075;16,79136432;2,721476112;-7,563276446;5,215173863
142;20,60577125;4,701258886;3,368161982;676,0552101;231,1386771;17,80720049;2,638902753;-7,815393016;5,4243421
143;20,47874295;3,84080282;3,31293635;687,7422991;234,868867;18,37379163;2,564864517;-9,642485597;5,462789489
144;20,14540673;5,659703564;3,774897354;647,0539942;231,9222657;19,03302619;3,1579534;-6,646949323;5,752948875
145;20,99261713;5,106428181;3,679550837;639,3508123;240,8117606;18,73401255;2,846987281;-8,40263094;5,584217669
146;21,06828373;5,373938142;3,570387499;569,981015;228,4987418;19,23052328;2,858747811;-7,774781991;5,530076041
147;20,8093221;5,075328811;3,699588495;494,8003932;215,0081575;19,04336233;3,034969063;-6,528969179;5,930935981
148;21,00528769;4,862489344;3,509109697;540,5982107;209,6206182;18,59268745;2,921162985;-7,241152561;5,671336597
149;20,98460993;6,719307136;3,808908504;558,8419297;207,4198793;20,02716108;3,008638521;-6,625837847;5,952665472
150;21,11272114;4,826136685;3,388457762;591,7121166;207,7785147;18,34154149;2,87194723;-7,984364392;5,449144398
151;21,5114082;3,296529538;3,260448359;588,5417605;221,1746669;17,62385643;2,637433303;-10,24465486;5,373975016
152;21,57755331;4,707709505;3,661853481;587,0046189;231,0841822;18,60236058;2,97169552;-8,123934014;5,822940146
153;21,58266964;3,712972493;3,458126729;581,254311;231,1902115;18,02981377;3,245673173;-10,23881647;5,332598334
154;22,01487922;5,692665753;3,935939069;610,4944546;237,3263236;19,38386312;3,403527177;-7,007779278;5,721719028
155;22,10274028;4,90276227;3,716051843;598,8250131;227,1716649;18,55671897;2,970951541;-7,589164517;5,775655857
156;22,3346656;5,033239851;3,753923183;633,2985096;229,5804565;18,59082954;3,017650762;-7,447099396;5,759395687
157;22,40132847;4,68900274;3,73802639;633,4792473;228,1346139;18,75680735;2,9790388;-8,311203103;5,822642066
158;22,63278106;3,784677015;3,59031899;633,3736969;230,4780431;18,12318106;2,880058803;-9,355466565;5,700707146
159;22,78877833;3,575226756;3,321328969;638,9639924;229,0531302;17,83074004;2,653070184;-10,07094419;5,420377102
160;23,16742905;3,911735753;3,602471438;644,5602237;233,678986;18,18963097;2,806391174;-9,918462483;5,643698353
161;23,16830093;5,491787068;3,847068333;674,907571;232,2940762;19,22812085;3,008620351;-7,141990746;5,746510503
162;23,16760628;6,727781763;3,767073131;640,3997238;224,9580501;20,05658555;3,043146183;-5,195053778;5,728218257
163;23,36763772;6,714684163;3,726761937;607,5082749;224,2591719;19,91554121;2,968619976;-5,098175705;5,786029101
164;23,58750364;8,512563202;3,515083497;604,9344522;221,9736448;20,47914447;2,869302548;-3,672179047;5,491057737
165;23,51766817;9,235378121;3,270958023;595,5040113;210,9310409;21,11954388;3,019062335;-1,559231788;5,229406395
166;23,76919488;7,828808655;3,697119132;555,61876;216,4299814;20,64129446;2,901002758;-4,920027373;5,694103666
167;23,94006029;7,324815202;3,672987771;516,0228753;201,6393503;20,23064645;3,022403377;-3,198682027;5,654407777
168;23,84732415;9,203542659;3,471309757;396,4956633;178,8330711;22,4388444;3,075813579;-3,405092411;6,005860742
169;24,05413334;9,211975453;3,595353916;395,929742;178,4544182;22,4453004;3,088759448;-3,397042522;6,083162677
170;24,15365895;10,8461034;3,529277764;416,0224584;178,6253428;23,26078746;2,99058073;-1,434867003;6,04420715
171;23,97388821;8,329832392;3,409486102;401,8503533;175,1795498;22,40080187;3,204493499;-3,556098712;5,883371668
172;24,27318349;8,479877345;3,466101451;401,818654;175,8803451;22,59118606;3,314412678;-5,422493894;5,855468812
173;24,28708245;9,292020685;3,488112507;363,9653939;179,5916576;24,16400518;3,357262875;-3,6746508;5,804238299
174;24,33035092;9,164147678;3,572894226;360,2661147;178,6564572;25,01625591;3,801952552;-2,095496283;5,853242623
175;24,67420139;9,345908759;3,513804143;361,6804278;184,5637099;23,99291502;3,474854386;-3,607478705;5,713395948
176;25,20371281;7,302314685;3,232048082;511,135011;191,1670967;21,31935853;2,851489151;-6,212597248;5,287750051
177;25,3565685;8,782575958;3,96070696;541,4333597;213,6333;21,13471877;3,609293391;-3,446376631;5,648891857
178;26,34281817;6,756977439;3,695017891;632,6327759;211,3471873;19,44783448;3,02740352;-5,749705982;5,656580882
179;27,18827846;4,081942824;3,62261147;776,0513007;237,3736364;16,35125998;3,029331671;-7,119626522;5,397123806
180;26,67951718;5,35099527;4,218603503;770,4522254;239,1439046;16,75957937;3,599281857;-5,232442846;5,572759298
181;27,79257933;2,891707678;3,488873584;824,4749985;230,0816584;15,88139312;2,856580981;-9,258172925;5,066350946
182;27,98918742;3,288125244;3,657290106;789,0222424;235,5118643;16,14020799;2,857671;-9,011210179;5,30894523
183;27,12071476;2,366541857;3,445911349;755,8517742;224,9688856;15,43151967;2,933208675;-9,597178396;5,202432599
184;27,82376692;3,727696118;3,400756098;695,9158759;224,2660686;16,74878127;2,897387634;-8,644396274;4,987770439
185;27,98899803;3,570013033;3,466109559;695,3881551;221,6869531;16,49408782;2,951507422;-8,337261535;5,01050305
186;27,80598475;4,724984223;3,503777591;653,1693752;214,9535217;16,71782673;2,989010369;-5,965102236;5,066889385
187;28,01882776;5,272687364;3,538371936;591,5963994;218,8605018;17,41928961;3,126139406;-5,960418954;4,825919033
188;27,93198897;3,653265669;3,527202746;673,7268338;214,0217463;15,85076913;3,214052353;-7,49031647;4,918463265
189;27,79436806;4,010124975;3,574681213;666,8568992;208,3381091;16,06002647;3,251093674;-6,942984867;5,106876486
190;28,05289897;5,280992324;3,583359725;616,8434526;211,9024878;17,3708669;3,38115441;-6,093792851;4,810724172
191;27,78079916;5,844429603;3,285175691;586,6337901;207,0273337;18,88901452;3,040712206;-5,416867749;4,736042847
192;27,52914074;6,148711407;3,518823649;676,6927897;233,8101172;18,75706949;3,138165491;-5,491569335;5,603712987
193;28,44818858;9,08102045;3,632857174;556,8903523;218,5922156;20,93868373;3,169485003;-2,91010198;5,311276358
194;29,17339431;7,71963337;3,978106484;639,6682019;220,2176971;20,01801047;3,13206505;-4,892462612;5,599650765
195;29,64840239;7,392311641;4,144157772;679,2395643;240,2765415;18,79292769;3,47850366;-3,977588044;5,42778563
196;29,58301001;6,882525603;4,156145684;740,451563;250,6869927;18,2912074;3,599232383;-3,786484082;5,481668718
197;29,2328795;7,91988501;4,032472058;605,725699;237,6220338;19,297441;3,627881886;-2,977792397;5,5546336
198;29,15357735;5,868961439;4,212175801;765,5313679;242,0212002;17,10807115;3,666927743;-4,689921302;5,614792258
199;29,79553367;7,252714327;3,655009612;644,3870004;214,6508159;19,05269496;3,085739047;-4,313847538;5,480723715
200;30,23048618;3,724512647;3,241618234;645,4991781;220,2180321;17,55763625;2,882199571;-9,441946474;4,950571388
201;29,53092055;4,792273995;3,524313334;623,9697907;218,127884;17,54939126;3,199054491;-5,704520118;5,340580153
202;30,66836867;3,760627168;3,759570099;690,5117147;228,3885103;16,55466769;3,151848698;-7,132403959;5,653344933
203;30,29585712;5,834191438;3,420348379;577,0287955;214,3738934;18,25248867;2,915689912;-5,677873584;5,046059136
204;29,85250833;4,445608449;3,257540585;600,8894057;213,5889375;16,84483278;3,049796132;-6,50981881;4,771924105
205;30,28918072;5,928322643;3,339748898;559,3784346;213,6101052;18,1997166;3,067863419;-5,553353279;4,780208728
206;30,3494468;5,044397337;3,502389079;601,5214025;208,1978166;17,40734794;3,280482063;-6,377100681;4,840017598
207;30,49262984;5,201504115;3,544681443;614,6750839;209,9825606;17,37561537;3,340182257;-6,201744065;4,85841065
208;30,67063071;4,477357987;3,62833624;636,8226077;212,4715049;16,75965352;3,373259929;-6,370365531;4,938862227
209;30,7026292;4,626139464;3,576814191;640,4693601;214,1688456;16,99163721;3,369984498;-6,346920637;4,87026984
210;30,87709772;5,621659484;3,468668536;580,9119427;233,7803;17,9082401;3,329567398;-5,593683692;4,806780854
211;31,21214075;6,418681398;3,387061943;554,5547665;220,6973058;18,56747497;3,199730322;-5,560865726;4,645193679
212;30,9910154;5,718504406;3,429313684;604,8051546;220,1671756;18,1277696;3,251939554;-5,944846467;4,851865011
213;31,22201512;5,8849037;3,458836814;597,9380082;219,8194652;18,28733723;3,441592366;-5,819782718;4,717939336
214;31,29536753;6,430500716;3,397950906;578,4721495;214,3465512;18,5333075;3,16358732;-5,340281009;4,888788992
215;31,32190621;5,498236067;3,338764922;630,8929732;212,7599118;18,07512854;3,095808607;-5,981692157;4,793657584
216;31,33376145;6,077285698;3,368360568;560,2448024;218,2956657;18,71227839;3,22765033;-5,379940035;4,756885585
217;31,94767724;5,830019445;3,294258766;597,2175593;198,4936417;18,79292062;3,057620696;-6,3040537;4,620289083
218;32,04265877;5,454143934;3,234935979;647,6707527;212,3041707;18,72715887;2,931958678;-6,667945029;4,797384121
219;31,95986879;6,314008998;3,322163454;598,9324373;198,386416;18,80298036;2,962254822;-3,915188074;5,120679401
220;32,25298652;8,023079308;3,566567224;546,009946;215,9798479;20,14817499;3,140349247;-4,251310142;5,482026629
221;31,17328995;7,907220597;3,349085443;543,1162285;196,6509346;21,27719056;2,88124765;-4,934256386;5,620125846
222;31,49608081;7,619046474;3,457430469;534,6943836;200,9587181;19,94013248;3,161677079;-3,890601356;5,388209014
223;32,31665377;5,81345771;3,263402389;581,1547222;199,2940158;18,51514302;3,079145829;-6,052886126;4,842761876
224;33,25920016;4,996752426;3,66706377;682,7644108;237,9596328;17,0343668;3,424268808;-6,664842565;4,979232761
225;33,51382781;4,29861206;3,465445812;634,6901322;225,6669828;16,58674048;3,161401098;-6,989472731;4,914753203
226;34,99343754;2,703402808;3,412284111;716,2407397;224,50328;16,22330127;2,957621239;-9,867064138;4,968752234
227;33,80202276;4,729559614;3,651451345;701,5614802;224,6597706;17,18968943;3,1814024;-7,703160405;5,3932334
228;33,68763433;5,533581411;3,467976686;614,0120861;233,6457794;18,22329913;3,034033227;-5,838772643;5,254826865
229;35,49456105;4,59558622;3,358385291;644,4231601;227,7249468;18,20690581;2,915901382;-8,894406639;4,934738135
230;34,03249993;6,813700185;3,364358712;594,6606779;211,6126687;19,24287896;2,855149132;-4,893180139;5,14805451
231;33,69653699;5,664878078;3,387239844;537,5248038;201,4268535;19,01520714;3,00423668;-6,708843131;5,135579933
232;33,34680143;8,436408317;3,259711368;516,7761264;189,2851378;21,01249495;2,703416095;-3,705519309;5,285969304
233;33,12533367;8,406357118;3,145221426;407,2110358;173,0045823;22,44523827;2,665858902;-5,042793413;5,559898914
234;34,54373515;9,918716295;3,432589723;455,1723158;181,0066391;22,97303178;2,6760327;-1,353887357;5,655782867
235;34,60382068;8,61052507;3,365933915;427,5331829;179,5880884;22,45655517;2,87181257;-5,24238742;5,637277196
236;34,5230784;9,314657319;3,323074692;433,2247099;180,1131701;22,41479011;2,708473328;-3,101877702;5,509129513
237;34,11639255;8,193679182;3,241257545;518,0402336;183,0640915;22,19113631;2,681868155;-5,264629695;5,668998808
238;35,7536787;5,55251911;3,420195797;557,0107063;193,1949338;19,11568121;2,933391181;-6,783296059;5,158526947
239;35,70777473;4,2700461;3,373017957;665,1519656;233,6012766;17,65328944;2,890523373;-7,546547405;5,166276858
240;35,36356918;3,390685392;3,312924215;688,8353431;238,7079982;16,59279078;3,127911615;-8,924707854;5,205066437
241;36,71301539;3,014500543;3,446891463;737,4164132;237,3699451;15,25057361;3,153667802;-8,409514275;5,011358662
242;37,70532504;3,323107739;3,461813094;713,7972457;217,1185094;15,78955817;2,814587039;-8,125415284;4,83815096
243;36,33367398;4,784797368;3,420383603;678,4840074;214,894769;16,91748071;3,129083293;-6,594018605;4,946591117
244;38,04750785;4,055960586;3,508167326;676,4034378;214,3980758;16,18524884;3,00120474;-6,758966512;4,733945258
245;36,87173011;4,405116381;3,463244928;669,9926146;207,791419;16,97973909;3,104194599;-6,909699527;4,855137779
246;36,26330183;5,787985392;3,393704376;573,2101831;213,0667099;18,44921556;3,330970798;-5,538548436;4,761745836
247;36,68200038;4,675903012;3,460076527;602,24737;210,9102268;17,44795317;3,172948226;-7,141497999;4,808948402
248;37,13446279;4,321401417;3,657258017;613,5940541;212,5255811;16,50433404;3,264506409;-6,616251827;5,257938683
249;36,97433773;4,537412588;3,215256059;660,8709679;202,7821876;17,00919556;2,970088797;-6,563271585;4,80154393
250;37,79625456;4,612398503;3,653838724;582,8192952;206,7044896;17,09522228;3,242298294;-4,798814318;5,387055861
251;37,24818182;6,955504992;4,132862541;597,2156482;222,3851801;18,70341133;3,461419674;-4,261906183;5,603461773
252;36,99128549;6,818829038;3,816293709;606,2776511;222,6373618;18,89402869;3,320993886;-4,876770778;5,586511876
253;38,3333141;5,205950693;3,63367172;603,0151277;210,6958365;17,56980796;3,121013063;-4,370520976;5,322038885
254;38,73244251;5,158770659;3,273054351;586,1723292;214,9865461;18,15317237;2,755158148;-7,562620487;5,054476099
255;37,35753898;4,084123239;3,073544415;588,7571972;200,3033147;16,85712738;2,852504989;-7,263566568;4,901980119
256;38,90581166;5,228337012;3,112259403;596,2536133;203,7386218;17,14851185;2,646245196;-5,820905425;4,700029752
257;39,42466158;5,116328004;3,278379675;613,2611721;214,3485711;17,03398397;2,781983147;-5,995622086;4,766704907
258;38,97319302;5,125256007;3,444790795;631,480096;218,0945096;17,01575528;3,134446416;-5,673965772;4,800655098
259;40,11490308;3,32828065;3,489193184;725,8424828;230,2549779;16,25219638;2,840539266;-8,393715777;5,161326851
260;40,67118081;3,000202283;3,594802708;770,6513584;240,3241399;16,58084073;2,817628039;-10,13267449;5,516508117
261;39,19535257;2,502613175;3,219347734;795,744728;228,9853589;14,67986454;2,902264375;-8,787271751;5,147190048
262;40,98031826;2,742191091;3,367234331;800,8180629;238,7633887;15,99033944;2,966183364;-9,475656311;4,876261311
263;41,15341218;2,958460361;3,363234616;779,7379443;239,7065938;16,52985625;3,030058594;-9,934536259;5,142686196
264;39,40039208;2,820461947;3,312290842;696,069687;232,8131975;16,80770779;3,203879304;-10,24583526;5,174808561
265;41,48254173;3,710554387;3,243059282;685,7720353;233,6263535;17,38160282;2,842450448;-9,815246133;4,906203157
266;39,89634018;5,443267262;3,223691996;577,1956983;209,2670914;18,61551158;2,819415638;-7,087943865;4,96124836
267;38,85490805;5,821731525;3,374862323;557,5233267;201,6806525;18,96738979;2,942476333;-5,204916425;5,365022904
268;39,56160557;7,614497581;3,274432432;501,5024079;195,7282012;20,52074209;2,849921626;-5,116467609;4,981186419
269;39,41757545;7,697712973;3,159715284;532,870456;196,888992;20,94511747;2,767882431;-5,204059138;5,099350684
270;39,07062419;5,894090008;3,229342394;557,753282;191,1885231;19,1308996;2,902803146;-6,149612204;5,149523619
271;39,7328316;7,672687593;3,191172753;557,620526;193,8260775;20,71801519;2,859100876;-5,260198276;5,022164056
272;39,99169065;6,378472417;3,260026164;560,1301473;195,5473055;19,66590407;2,91460003;-6,477248016;4,961984461
273;39,99293389;6,139334662;3,315441012;606,591047;197,0739453;18,87274263;3,079151247;-5,647686353;4,852762755
274;40,65493274;6,260295438;3,238993742;559,7793291;192,0462446;18,97178583;3,055017621;-5,02508913;4,688610662
275;40,92269135;4,71776461;3,580049049;650,1822305;211,2567643;17,06122774;3,417430054;-6,092964496;4,87595489
276;41,32614357;2,971356083;3,5301682;860,506332;210,1804686;14,37555337;2,944730228;-7,10328338;5,264511191
277;42,42230216;3,947120885;3,845370211;861,002798;240,8887121;15,11228846;3,380078854;-5,51415706;5,217086649
278;42,37069763;5,670246007;3,591163385;738,2108558;229,0841819;16,89858681;3,213434663;-4,070294742;5,243206638
279;43,4006966;5,826977386;3,781995041;817,6172682;241,2977209;16,79474254;3,122753056;-3,32729984;5,450156134
280;43,89128157;6,117257042;3,983878677;819,7449394;254,4225893;17,23702815;3,08068808;-3,866302778;5,891335152
281;42,26662055;5,881076202;3,713165604;737,3062484;224,1812435;17,471715;3,079352103;-4,507735567;5,75029946
282;42,32820395;4,691806776;3,289019333;688,3726172;234,1843261;17,19882255;3,152728814;-7,348716282;5,195777261
283;42,98338839;3,757828396;3,385516404;794,7800481;254,780825;16,99247051;3,119577249;-9,26643397;5,120131391
284;44,56099369;5,598899138;3,473060231;835,8692821;263,7210486;17,22387711;3,209657776;-5,989825738;4,926376416
285;44,69619198;4,490252635;3,642642513;790,714577;271,1729916;16,76190121;3,179618937;-7,409565909;5,418110983
286;44,86787379;5,462091033;3,421210236;760,5723278;250,9897811;18,13405397;2,854274781;-7,476187621;5,167243314
287;43,06725083;3,681105289;3,478900456;767,0718348;230,8113014;16,20746636;3,208092586;-7,824762132;5,611706363
288;43,71385592;1,879366553;3,320371607;817,8989039;232,266764;14,30185849;2,899462916;-9,443351426;5,064017038
289;45,3864113;2,893949341;3,423840174;756,5853716;246,4381285;14,56196307;2,96368815;-7,39828342;5,094786327
290;43,93695927;2,734007509;3,22725514;716,766115;228,8105331;15,55389483;2,959969057;-9,113352647;4,863607225
291;43,20477792;4,322281246;3,258307892;642,9695284;219,8777845;16,58570683;3,077096129;-6,537553787;4,798925765
292;44,39808813;3,743808039;3,469559134;711,1079021;219,8722963;15,8508181;3,009720448;-7,42648997;4,973071793
293;44,53363877;3,043220113;3,404650806;724,4897298;221,5896179;15,1725612;2,964278003;-7,902076491;5,025349553
294;44,28753184;4,252080779;3,319983032;704,1171946;211,939552;16,25794451;3,020097763;-6,388775971;4,85850026
295;44,86865365;3,407464143;3,287709923;655,858792;217,3011639;17,29433709;2,683036719;-9,519312641;5,359973421
296;45,53194441;5,410466486;3,295335165;569,4472493;215,6904361;18,15177824;2,662348829;-6,567655742;5,06172567
297;44,47799494;4,071306058;3,115986433;611,4985551;212,5889173;16,66350084;2,917037748;-7,516639116;4,678610189
298;45,95220295;4,180209184;3,512727833;672,3437659;209,4341577;16,85063461;3,059235258;-7,083954896;5,075456859
299;45,74077783;3,300279995;3,449788843;730,3880385;221,1969622;15,77286328;3,128548257;-7,982331503;4,97192019
300;45,05427185;2,22386053;3,365267734;807,7657688;215,6182328;14,19231067;3,025558298;-8,034527697;4,988745496
301;46,98257049;3,909212275;3,99267646;820,2565286;226,1584691;15,17930741;3,042760519;-6,724443635;5,452578418
302;47,19460198;5,15926821;4,292965416;814,7632693;240,709926;16,30712883;3,38149423;-4,488573755;5,831301905
303;45,41612932;4,046150894;3,668971223;801,958247;223,8107114;15,1312977;3,24685289;-5,696502632;5,249653221
304;47,90286149;5,156654471;4,107683745;823,9611251;240,8111943;16,42323477;3,151631882;-5,802955581;5,64679957
305;46,70473364;3,55918101;3,555507032;856,0665942;223,2656712;14,88837801;2,927608557;-6,561122303;5,050159072
306;46,77110671;2,923561679;3,572549506;929,7481345;220,7249888;13,99504293;2,909409034;-6,305313476;5,364969439
307;48,40311966;3,040227199;3,586267788;765,591879;244,4698332;16,59550582;3,118626915;-9,820778402;5,259831005
308;47,49515864;5,280511413;3,450172722;712,0072019;252,7042227;18,51043157;3,014742452;-7,91613313;5,297910561
309;46,93375105;3,115888312;3,49175564;737,0128769;236,8074399;16,50762906;3,309898447;-9,122231426;5,364935557
310;48,92864339;3,607143867;3,204903463;762,2792515;240,3337693;16,61260785;2,838253001;-9,274517303;4,917547385
311;46,80941522;4,432230122;3,421118867;695,5017607;228,0455097;17,39585361;3,153316814;-7,642977433;4,815629271
312;46,42352027;4,975735953;3,380248902;628,5006293;200,857806;17,87525233;3,124311905;-6,486423184;4,859255045
313;46,96568744;4,470011221;3,383177172;696,9110902;215,4967492;17,01800522;3,15236277;-7,345184543;4,770106001
314;47,37981705;4,906907548;3,311652157;678,3187705;214,0769012;17,20360566;3,077913026;-6,849698846;4,69421369
315;48,06688306;4,347071677;3,388938484;755,583212;230,1323216;16,43449304;3,190628893;-6,466230522;4,643150129
316;47,9979002;4,770669797;3,304799992;699,2154523;224,0401471;16,85259178;3,109505657;-6,020354848;4,598317135
317;47,69625861;5,226929145;3,060827134;699,3127459;221,5594812;17,1184447;2,968933608;-5,998015361;4,519478066
318;48,241612;4,679245231;3,311029452;737,084044;232,4806302;16,68275203;3,069051482;-5,865655161;4,818806
319;48,41708407;4,710372659;3,354272191;648,2372462;223,5067438;16,89239093;3,085843409;-6,308624267;4,755561035
320;48,51481605;3,44037707;3,376571034;794,3845995;230,3510939;15,4955555;3,152492326;-7,387335126;4,834258488
321;48,61592157;4,130824985;3,538803555;699,1841648;220,221997;16,21587789;3,310759675;-6,665579597;4,949393855
322;49,03194725;4,566792529;3,445760665;671,1795085;219,500604;16,91522055;3,111339415;-6,929947158;4,924548423
323;47,96543631;5,271002491;3,492552373;697,5014285;237,9016368;18,24169558;3,337408034;-6,842553171;4,987625587
324;47,99391302;6,958069414;3,696316744;606,6166922;254,0590869;19,02565045;3,366185251;-4,091685328;5,576205729
325;48,41471993;5,366392376;3,786550987;564,4365399;230,3595862;18,39417811;3,338961579;-6,334624141;5,499356784
326;48,62058001;4,331954753;3,613797134;752,6693179;242,3936521;16,50796425;3,248630447;-6,454942911;5,05569876
327;48,56344463;4,476422802;3,099721008;622,6923986;216,3996802;17,15068748;2,869036795;-6,863384248;4,755788309
328;49,33669623;4,881212574;3,571645171;676,3125823;248,7279863;17,21665769;3,449460778;-6,711199475;4,867147111
329;48,93748462;4,959767747;3,531337357;690,7020076;264,352046;17,32315072;3,368958031;-5,266402548;5,114591653
330;49,38200344;5,791993849;3,285824328;630,6602044;226,4420784;18,01447413;3,130600287;-5,334324533;4,885830175
331;49,68021087;5,439304732;3,661760038;650,1526667;253,7081271;17,7924522;3,526940656;-6,085768275;4,91099617
332;50,17196678;4,213692954;4,029380639;664,574369;255,7225336;16,52587639;3,588340472;-5,024927003;5,283786677
333;49,18709193;4,507386163;3,674179165;664,4192364;244,3238282;16,70619644;3,510168077;-6,52368094;5,049983731
334;49,95335097;5,345037415;3,762777659;728,3027815;248,8076944;17,11754775;3,463947694;-5,608650429;5,146523794
335;49,87241082;4,870161463;3,514011455;596,7948446;233,8856786;17,41273977;3,304955857;-6,282052819;5,044745628
336;50,7634254;6,53292466;4,003899057;589,8265362;242,9466796;18,33798987;3,603793332;-4,503826272;5,284394738
337;51,25630987;6,356694868;3,74570565;648,535;205,2110404;18,30884864;3,303518694;-4,300314961;5,180376924
338;50,22900181;4,808194994;3,117017851;575,7899191;217,4299184;17,60968735;2,913289263;-6,720731069;4,777134067
339;51,41817029;7,777634335;3,878398991;689,4233582;250,2421635;18,86128252;3,343561169;-2,406038166;5,440139087
340;52,21986459;4,077294813;3,370343495;656,5600431;207,8784889;16,56371874;3,103490286;-7,252676554;4,860223724
341;51,01902414;4,754598093;3,27910325;666,8049485;206,6303892;16,91738047;3,032429545;-5,914037821;5,056156627
342;50,69972801;7,805351122;4,038506974;577,4956629;217,436295;20,47435578;3,485525973;-5,079852434;6,169181012
343;52,49607914;5,371513646;3,381380959;493,4698346;187,8690787;19,35937401;3,050220015;-7,824370887;4,800962118
344;52,12758745;7,636127742;3,956230171;538,8703649;196,8422638;21,40950458;3,270845862;-6,583985713;5,662899252
345;51,7490566;6,857876436;3,252688956;528,5086333;186,9778124;21,03277848;2,832116148;-7,151464493;5,379857942
346;52,77873395;9,904133781;3,726335331;543,9713951;185,0912122;23,17099758;3,053620397;-4,46051679;5,84187828
347;52,53007926;8,483999383;3,379558757;621,141585;200,3939114;21,02421455;2,835522747;-3,439493052;5,260971481
348;51,91104344;5,983810346;3,123944228;543,6194769;206,0814674;19,85565546;2,66527994;-6,11256692;5,415410171
349;53,55580169;6,641138667;3,637015139;580,0894128;226,6330883;20,19090139;2,904323352;-6,470136544;5,828718071
350;52,77531012;7,214413867;3,417806154;566,9846214;224,1184033;20,04779532;2,882087211;-5,170056482;5,495360235
351;52,2907309;4,844456897;3,468059756;579,0719595;228,3269589;17,91600456;3,248117349;-7,176556516;5,190889844
352;53,76615281;5,573378103;3,615497621;578,9460296;220,5856847;17,91620735;3,201750116;-6,221922979;4,932561977
353;52,88523308;4,734895836;3,267244337;828,0974912;265,8852175;16,51298994;3,114311612;-5,822472647;4,849843389
354;53,11554493;2,72379099;3,186426845;793,0202551;208,5963905;15,13808455;2,823588861;-7,718629555;4,727004988
355;53,99867723;3,938935854;3,53249269;658,6640972;244,6922318;16,91429415;3,462459694;-7,971334408;5,036643843
356;54,7684163;5,929801196;3,116991689;564,1379065;220,0259013;19,18836867;2,867377824;-6,861838413;4,759054227
357;53,35401429;5,328624208;3,044032239;531,0398707;201,7733934;18,4210701;2,837178528;-6,970210468;4,799448594
358;53,48330909;5,809650563;3,378148827;536,0869496;201,6269143;19,3985076;3,045482491;-6,883326485;5,260720777
359;53,95836115;6,010903952;3,375024575;534,5015386;203,4152713;19,71046378;3,03292128;-7,196889762;5,227285823
360;54,61059386;6,840851495;3,178919754;544,4803672;210,8293985;20,7576179;2,859813182;-6,603191013;4,993897148
361;54,99688601;6,595391177;3,276665642;525,0562914;209,5054791;20,39705074;2,882837054;-6,622700211;5,072593192
362;54,9576747;5,988870084;3,098729051;518,6193713;209,5241774;19,95631653;2,85473711;-7,961142352;4,932824282
363;55,15227306;5,669508654;3,084037804;507,5638318;209,2843743;19,54620009;2,812123346;-8,291818955;4,932497368
364;54,48666371;5,415640108;3,281544399;575,4238615;238,4959566;19,05523249;3,137999274;-8,046161926;5,12480678
365;55,73621256;4,216149474;3,319654434;598,5654879;241,522208;17,97802833;3,139461994;-9,245852694;5,069054031
366;55,80093389;4,07014429;3,209319854;622,8184099;233,4364868;17,9886642;2,722152872;-9,936745914;5,286679552
367;55,42766523;5,832534793;3,950696162;645,6696287;232,416472;18,6380676;3,276248836;-6,879703396;5,991436069
368;56,004693;4,142007357;3,188515475;587,193872;219,8353338;18,81113864;2,920808058;-9,295250959;5,254913319
369;55,92175926;4,487024991;3,234529317;604,6713797;219,2718426;18,13325402;2,791445925;-8,353229276;5,344911998
370;58,47869837;3,833796744;3,450585657;638,7907503;248,2028173;17,95339252;2,789449557;-10,05159754;5,533552963
371;57,05812145;6,383072585;3,768454466;615,2097405;240,1335863;19,6002198;2,908558846;-7,517240083;5,78393349
372;55,95084093;8,088366919;3,469795775;524,3083378;216,5103638;21,5770954;2,832638563;-5,637269161;5,636345395
373;56,9102098;5,875404511;3,615895479;520,6716869;224,5163233;20,44436153;2,808544554;-8,549107463;5,863017332
374;55,73102501;5,388054599;3,555584242;495,637267;203,1886791;20,34323648;3,049249489;-9,425202004;5,83571083
375;55,44326138;5,133386783;3,353017421;482,0940999;192,5263101;19,45378154;2,971132185;-8,178512035;5,567313712
376;56,29924371;6,541686929;3,38101675;531,9041244;204,7164038;20,76916097;2,792194229;-7,177831274;5,657106425
377;57,10475759;6,358705919;3,365429154;531,1177513;209,7946712;20,58267582;2,727725315;-7,387953846;5,51790366
378;57,46618793;5,308199048;3,460179821;549,1266975;212,2293938;19,53007877;2,796548704;-8,781959237;5,558879862
379;58,004854;4,695087449;3,374623028;528,507302;219,4866699;19,2712154;2,760612979;-9,24976877;5,723638322
380;59,07609582;4,179369005;3,455022851;597,8838145;233,7343478;18,93152214;2,769618087;-11,02379416;5,690811368
381;59,26466075;4,358620187;3,444103115;607,473098;239,5075189;18,97613959;2,757235127;-10,88603137;5,722509949
382;59,94065482;4,315655158;3,473895716;659,5573626;246,8349491;18,63264159;2,789038604;-9,873099049;5,685448184
383;60,14854504;3,689063679;3,411372649;618,6298827;236,2869638;18,00870717;2,789549636;-10,86651631;5,724504014
384;60,40870632;4,492191918;3,958645303;741,0304641;245,1977029;17,19909877;3,060626357;-8,265773776;6,014717229
385;60,6079386;4,193273391;4,022060239;741,1887524;242,265686;16,92944573;3,112133754;-8,538200745;5,949455882
386;60,8225711;3,761172444;3,823062382;733,8335339;238,7679755;16,48871579;3,074848603;-7,228914373;5,65887554
387;60,98348402;4,339297027;3,883301691;746,6047219;236,5932884;16,82924183;3,156584241;-6,398845183;5,594558265
388;61,0559607;4,512013997;3,932775914;759,708601;230,5709353;16,74625775;3,179633229;-6,161505966;5,525034546
389;60,56418774;3,08540933;3,557181777;743,9809064;232,4606819;16,11714558;3,088386016;-9,40434034;5,343181357
390;60,42824891;2,864845274;3,394969536;802,0902439;239,8999493;15,44379777;3,181050679;-9,348978658;5,038957077
391;61,39266522;4,682127063;3,808034448;723,639524;251,5824278;16,50052513;3,369974025;-4,713911928;5,352242832
392;61,67309329;6,611676148;4,001777116;631,8351103;249,793888;18,45230756;3,456909632;-4,733202689;5,561925096
393;60,14959319;4,668361895;3,325042563;645,0479626;213,6145803;17,15729655;3,121382261;-6,920762959;4,691751414
394;59,31898824;3,798863156;3,158285931;604,5740138;215,4925261;16,62503457;2,997885723;-7,65126322;4,766705231
395;59,77973819;4,828333429;3,352859801;582,5795707;214,663924;17,88299526;3,235294576;-7,441094892;5,1301472
396;59,97003881;4,685944439;3,173782853;568,2862937;204,5053741;17,91708276;3,005997019;-7,295689433;5,044680997
397;60,14041714;5,477114192;3,195296428;536,1100737;200,5965593;19,13479285;2,947073387;-7,552202302;4,996861793
398;59,65185204;5,719221164;3,162299592;509,3210377;198,1332539;19,79339495;2,899152918;-7,625303666;4,996697691
399;60,08165365;4,776275769;3,077788497;552,2318162;207,6257853;18,88854614;2,849215673;-9,117504579;4,891186104
400;60,32308743;4,554010994;3,199828372;529,8936795;220,9261178;18,35539192;2,975977285;-8,033296394;4,850418985
401;60,89409881;3,916559924;3,241003445;630,2638618;229,210518;17,17834031;2,981258354;-8,584393173;4,992346793
402;61,89391787;9,503534453;4,023512633;589,9293625;232,140905;21,35430443;3,344073945;-2,653874635;5,863910924
403;62,08404954;6,518264355;4,297250076;563,4747129;221,1804104;19,80463381;3,185618978;-6,585097727;6,639872711
404;60,84333406;7,68704542;3,634937515;426,7814861;200,1782249;21,94319985;3,172010238;-6,052405681;5,95631332
405;61,13592001;5,30563451;3,598332607;501,7450345;203,9506916;19,90363926;2,838337786;-8,319590221;6,072562955
406;61,1125822;6,432408269;3,656849563;503,2196505;209,9044773;20,02687324;2,828205577;-6,3580418;6,090742612
407;61,45032232;6,307176665;3,564159309;536,1288061;222,3000547;19,6269644;2,935045648;-7,290449046;5,690909919
408;62,23453326;7,065579975;3,889718521;533,9896089;206,5326628;19,99759852;3,084227101;-5,494560742;6,1828568
409;61,98623429;6,878862793;3,683545984;487,9257358;222,2639748;20,52095638;2,892279294;-7,434306123;5,941553507
410;61,23020758;6,424182328;3,459884451;489,6580557;199,2443126;20,95192096;2,893038723;-7,895726164;5,747249974
411;61,97581485;5,362463164;3,298939096;469,3196921;200,393648;19,41054747;2,921802158;-7,770347191;5,459378848
412;62,65596247;7,541210737;3,707934975;536,3946732;213,0143417;20,69774962;2,874255391;-5,936236506;6,047965718
413;62,49948944;4,590044123;3,851586381;497,7505634;212,1622676;19,32089129;2,939118414;-8,417171426;6,400001948
414;61,48063459;5,248838872;3,399738307;498,7867823;198,910258;20,14688994;2,913191567;-9,678311512;5,799259743
415;61,56490281;4,334314255;3,461792802;499,1241585;198,3992124;19,31462467;2,953682803;-9,968173053;5,826269682
416;61,81622372;3,972295116;3,377474701;516,0290732;199,6959287;19,04539562;2,852138335;-10,83918416;5,701808716
417;61,86532823;3,987292048;3,441505998;483,3638684;197,1356038;19,04155253;2,938132825;-10,56024674;5,785854097
418;62,13497015;3,720338516;3,347081678;516,0924472;201,9579496;18,53641674;2,7684544;-10,73167586;5,536856052
419;62,24357098;4,472455832;3,840477301;468,4903445;200,1608791;18,70929358;2,978371557;-8,015968929;6,314677161
420;62,00154089;4,172821659;3,796927794;479,375822;196,8384676;18,61849729;3,024947602;-8,157182706;6,233566944
421;62,7731325;5,084691277;3,63619303;470,9095123;200,1761829;19,85210849;3,048331939;-9,251837518;5,89651405
422;63,81408915;6,506138449;3,554641577;503,1268662;205,58917;20,78307581;3,040327606;-7,687630225;5,621835436
423;64,22777245;6,762054866;3,328083567;498,8852759;206,5189866;20,42280428;2,952680221;-6,710225442;5,102488736
424;64,57714741;7,396606104;3,300631478;495,5831772;205,6865158;20,61666391;2,908796778;-5,741254719;5,046023575
425;64,37034695;5,513892251;3,291011304;509,4981956;204,1330829;18,59751895;2,836290594;-6,582996987;5,211316873
426;66,24809201;6,14595732;3,683994894;643,0819002;239,40356;19,12732612;3,012714543;-7,267318132;5,574298995
427;65,16039254;4,839725601;3,677619482;565,8800999;238,1702338;17,96572316;3,300422024;-7,076122909;5,42458661
428;65,68783947;3,557169885;3,217473322;614,052238;213,03045;17,06714453;2,843382602;-9,264977245;5,11595281
429;66,87392259;3,388347068;3,775754942;690,1552773;235,389175;17,15013822;3,289186496;-8,905499487;5,445266963
430;68,01617437;3,058168364;3,358618875;743,6112812;241,4691139;16,22607835;3,019935166;-9,912575211;5,097549919
431;67,75626625;4,371744725;3,440266422;734,5636809;233,7058753;16,53788881;3,051665885;-6,706260507;5,156730134
432;67,81147005;3,790435168;3,311316999;784,3743519;235,8207525;15,83075118;2,964034259;-7,785890404;4,969850013
433;69,55544994;4,03934258;3,497811968;733,6106204;233,9695886;16,2606129;3,025535463;-7,830135537;4,85338155
434;69,72725578;5,150889654;3,78096184;639,2453386;231,4108446;17,5554159;3,075551722;-5,144488976;5,365017747
435;67,55368992;5,168711025;3,240980475;532,9335471;203,162367;17,77731806;2,921886745;-6,493164516;5,061006071
436;67,84682242;5,041792203;3,221099862;520,3413922;204,9191574;18,31614616;2,588372623;-7,229186921;5,030262132
437;68,01018506;4,964991649;3,250529192;503,0707048;205,230003;18,31248946;2,588048394;-7,427267613;5,06998494
438;68,06641082;4,62319689;3,273241581;519,8682554;206,2899763;18,24114229;2,641417539;-8,343745544;5,238616698
439;68,23618807;4,473254161;3,291761054;520,2092716;205,0699723;18,2424992;2,619057128;-8,726887935;5,202135934
440;67,69034161;6,873666784;3,732735313;542,7676291;212,607092;19,5937229;3,167379056;-5,126024665;5,642971474
441;67,23845275;5,114110713;3,328131591;488,3979234;202,993513;18,69129638;2,950130823;-7,699360581;5,431703058
442;66,55542966;6,65202137;3,467097714;480,9345561;202,0939485;20,23340892;3,210694406;-6,325036987;5,436627255
443;65,87586066;6,267717816;3,187597699;474,4593632;203,6623458;20,20400837;3,075507769;-7,192025542;5,315619213
444;67,84701834;4,311638254;3,572675794;508,790552;202,8660414;18,76779689;2,856606788;-9,547192467;5,960334579
445;67,9507991;9,479807808;3,484817429;472,1615699;200,4281346;23,12097425;3,217203556;-3,62632948;5,286130216
446;67,49118078;7,980133949;3,25745254;504,8287428;199,8734228;21,77999541;2,803412475;-4,787560172;5,49101652
447;68,46389499;7,067897344;3,800281451;527,3692703;200,6188387;20,56970757;3,085609016;-4,746022639;5,973442132
448;69,43582855;7,284030807;3,892787888;543,2807329;216,2933933;20,61638861;3,080464859;-5,815855267;5,952557909
449;68,22242641;5,935680379;3,644082408;635,1491968;229,3744854;18,86413648;3,343648023;-6,956308877;5,518327241
450;67,22359523;6,018059134;3,502277544;607,7652714;229,8204136;19,21667369;3,304511779;-6,769610464;5,340880911
451;66,90306869;6,704671893;3,650797682;592,6033621;222,3508466;20,02719541;3,379979951;-6,280815359;5,721362451
452;67,81986193;6,726072779;3,67698901;536,2895859;199,8848386;20,10918926;3,139149886;-4,573083937;5,668716366
453;68,38619154;5,566231926;3,192259691;525,3748624;194,6566227;18,82968954;2,835880899;-7,148180864;5,168576183
454;70,17387215;7,520147068;3,686136049;560,0956477;230,5213015;20,04838382;3,086544181;-4,891342519;5,625625908
455;70,34761203;5,128703831;3,528554424;595,6571377;238,9323831;18,16177095;3,10729685;-6,567890454;5,451273768
456;70,43612289;4,53137101;3,241856914;640,8362654;236,1757286;18,09426022;2,707176715;-8,808069538;5,152486458
457;70,86880873;4,564274527;3,240627764;647,5952667;231,4897625;18,03849707;2,664586959;-8,779495896;5,170849131
458;70,7596535;5,14082652;3,637575136;653,4233568;226,8427343;18,18308487;2,994735359;-6,843145852;5,466333771
459;70,10924389;6,098326818;3,7345004;648,2058366;228,026924;18,93029524;3,423348252;-6,801643324;5,478338636
460;70,78524827;5,121061327;3,188790479;591,213248;226,093637;18,07735886;2,681979806;-7,441602864;5,080674924
461;70,72919587;4,884767565;3,246670062;634,9401293;226,8050779;17,86004735;2,731464963;-7,517737949;5,111471302
462;71,32688433;5,747498553;3,39834382;575,0731131;217,8050909;18,41852923;2,947131926;-6,57622141;5,072820338
463;71,93642936;6,341835951;3,397696832;557,8021186;218,4238962;18,74563057;3,197193259;-5,607308842;4,754415125
464;71,66436148;5,681754281;3,445429884;556,767364;216,939089;18,14531452;3,194278316;-6,645963486;4,872487406
465;73,30802359;3,716235288;3,178666002;666,9549821;218,8623835;16,56780747;2,772342671;-7,93652198;4,808614047
466;74,71946167;6,654805281;3,833948184;747,3142641;242,5657992;18,75311144;3,108674667;-5,285957829;5,352868775
467;74,08416223;5,090119744;3,726940434;813,8596386;240,0442788;16,88246432;3,194946345;-6,526703133;5,452610159
468;74,55171712;5,8178631;3,695485084;816,2142364;245,3458461;16,83823935;3,153074264;-4,522109529;5,280659274
469;75,73035381;5,027431161;3,913140118;852,1355617;258,142346;16,1118946;3,036913749;-5,512842039;5,537153175
470;74,09981788;6,399823483;3,950589195;897,3995016;243,6219756;16,38193733;3,310616943;-2,423220893;5,357978453
471;73,29710417;4,72385531;3,908688007;820,7769364;225,2477666;15,46648927;3,305619786;-5,354908574;5,294698436
472;74,99075041;5,843999968;3,794321422;845,8365371;240,7067387;16,5288459;3,111359195;-4,27223309;5,287837844
473;74,23750228;6,614575044;3,923190806;792,6885982;242,7933713;17,96958302;3,427958085;-2,988022835;5,437519239
474;75,39791557;5,452422524;3,943576373;818,0772685;238,3865193;15,82661384;3,098361596;-3,954222002;5,429517582
475;75,35526762;4,968319418;3,773466544;703,8467714;230,2972709;16,57544585;3,174369809;-5,574973229;5,141648899
476;73,43204265;3,607057733;3,452437173;705,9459893;235,1399382;15,71265467;3,093458382;-7,745670075;4,978064184
477;75,86220259;3,489233858;3,802738718;766,4741836;225,0484352;15,56723807;3,351134016;-7,917818954;5,353637168
478;77,32208435;6,092004464;3,657869666;655,5868681;237,7761469;19,1955308;2,669336842;-6,566616219;5,493699981
479;77,49389019;5,573855835;3,495634818;720,9124236;254,5659476;18,67947076;2,835573965;-7,833826625;5,246966502
480;76,63214315;4,336634452;3,575139347;849,9390043;264,5712281;15,80820379;3,124788705;-5,984802873;5,349603217
481;74,77404919;5,559185182;3,299299841;608,7483701;220,9401529;17,67295073;2,991314711;-5,556318597;4,817315899
482;74,55455729;6,659106357;3,536272777;640,9992171;220,9736906;18,65050897;3,01851244;-4,912886986;5,408828991
483;75,83060882;4,363439075;3,03918311;668,3629204;211,2437007;17,10113413;2,769248933;-7,563043603;4,683843729
484;77,07365885;4,415170588;3,384750454;630,1117565;207,6116891;17,01214214;3,01697593;-6,695495126;4,77601605
485;75,6042051;4,198071141;3,105539614;613,2302847;195,7413344;17,37295023;2,796914474;-7,716276676;4,575968278
486;75,58555752;2,925357518;3,218545793;678,2508846;226,9073885;16,7905223;2,980862103;-9,710066668;5,083525182
487;75,68602238;3,282341431;3,263607408;712,7735875;230,3091296;15,83428035;2,881978895;-8,957736455;5,10232406
488;77,11100763;7,241779278;3,523712596;795,1213461;235,2384777;18,00650403;3,095464624;-3,721105832;5,143342022
489;75,87561469;6,243469392;3,884175695;769,6541791;238,0336728;17,87112914;3,415278031;-3,731697424;5,839367544
490;76,03804046;4,48795738;3,888466155;875,6853388;257,0089152;15,46932661;3,513089027;-4,380227102;5,72179483
491;75,76514588;6,388538833;4,018250246;789,536883;249,5947411;17,02241702;3,377047601;-2,674708756;5,527664368
492;76,43387989;5,207165107;3,691560463;879,9835249;243,8243357;15,82587896;3,091149036;-3,929080416;5,337382541
493;76,7945643;6,208825139;3,710267268;794,7928702;236,5617193;16,60392593;3,356883889;-2,226453068;5,132033809
494;76,68672632;9,034478781;3,588131367;745,5921668;215,0177874;19,07453741;3,159848363;0,680426932;5,03721078
495;74,89579667;4,058545004;3,370246861;735,3562675;222,1252071;16,3048815;3,068920262;-6,75221425;4,99503743
496;75,81172921;5,405343857;3,766949612;750,3439741;211,0279167;16,68512265;3,116298697;-5,015285116;5,199710317
497;76,18108924;7,198509535;3,460940226;777,0064063;208,561422;17,96280301;3,037322712;-2,642186795;5,19173337
498;78,17754806;5,816142507;3,558981776;860,6195527;230,5483242;16,30406219;3,095265505;-3,176158627;5,052282137
499;78,28690412;4,675138786;3,458621236;910,7073151;238,200106;16,14024123;2,888993754;-5,512229885;5,141085287
500;78,01809593;5,101548341;3,431580931;882,3268706;249,3229452;15,8139005;3,182766692;-4,769309942;4,837046479
501;77,88486756;2,768132448;3,199772343;896,7379923;250,9916043;14,19614276;3,160119314;-7,942988791;4,866941146
502;79,01002004;4,180789312;3,743147261;916,5176967;266,5730337;15,61672177;3,218337336;-6,087718606;5,354397041
503;79,32130011;5,38058683;3,715496991;922,3801705;261,59016;16,38400435;3,030706911;-4,524147004;5,700654502
504;78,53639476;3,705492423;3,514426438;846,633569;231,8586431;15,91409823;3,166532572;-7,275030093;5,317085927
505;80,97691769;4,270032908;3,54213736;838,8191147;243,8450077;16,25515519;2,98676088;-6,165009799;5,335240107